t,n
0,23
1,21
2,38
3,17
4,23
5,28
6,29
7,25
8,22
9,26
10,29
11,16
12,27
13,26
14,25
15,30
16,17
17,20
18,23
19,24
20,28
21,21
22,24
23,19
24,25
25,30
26,34
27,30
28,25
29,19
30,23
31,20
32,22
33,21
34,24
35,20
36,28
37,21
38,22
39,18
40,24
41,17
42,22
43,23
44,19
45,27
46,20
47,17
48,32
49,30
50,22
51,20
52,27
53,18
54,22
55,18
56,20
57,16
58,32
59,19
60,21
61,17
62,21
63,21
64,20
65,24
66,30
67,27
68,17
69,18
70,20
71,18
72,25
73,16
74,24
75,18
76,64
77,20
78,21
79,29
80,29
81,19
82,26
83,18
84,17
85,19
86,27
87,24
88,22
89,24
90,27
91,26
92,29
93,14
94,20
95,14
96,21
97,25
98,28
99,14
100,29
101,23
102,23
103,41
104,25
105,24
106,23
107,14
108,14
109,21
110,22
111,23
112,26
113,24
114,24
115,18
116,18
117,14
118,17
119,22
120,35
121,22
122,21
123,18
124,38
125,21
126,19
127,23
128,30
129,22
130,18
131,19
132,20
133,26
134,16
135,15
136,18
137,15
138,18
139,26
140,22
141,17
142,23
143,29
144,20
145,31
146,26
147,20
148,23
149,23
150,16
151,16
152,25
153,35
154,23
155,23
156,15
157,21
158,23
159,24
160,22
161,22
162,15
163,29
164,20
165,20
166,35
167,13
168,14
169,23
170,20
171,23
172,16
173,21
174,32
175,30
176,23
177,24
178,22
179,55
180,21
181,16
182,28
183,22
184,22
185,29
186,22
187,25
188,16
189,21
190,23
191,25
192,27
193,19
194,33
195,28
196,30
197,30
198,26
199,23
200,32
201,21
202,16
203,32
204,36
205,15
206,21
207,22
208,22
209,24
210,26
211,31
212,15
213,13
214,16
215,26
216,30
217,25
218,28
219,17
220,22
221,15
222,20
223,18
224,20
225,32
226,21
227,19
228,42
229,29
230,27
231,22
232,21
233,29
234,23
235,17
236,21
237,22
238,24
239,24
240,21
241,19
242,25
243,21
244,19
245,20
246,27
247,25
248,27
249,22
250,24
251,27
252,26
253,21
254,29
255,26
256,24
257,18
258,28
259,19
260,27
261,19
262,26
263,18
264,21
265,20
266,14
267,31
268,14
269,14
270,16
271,16
272,20
273,29
274,19
275,20
276,22
277,22
278,18
279,22
280,21
281,27
282,62
283,19
284,20
285,18
286,20
287,19
288,21
289,28
290,29
291,24
292,23
293,20
294,23
295,20
296,22
297,24
298,22
299,24
300,23
301,28
302,23
303,28
304,29
305,46
306,19
307,18
308,24
309,26
310,20
311,34
312,20
313,26
314,29
315,20
316,21
317,18
318,21
319,15
320,18
321,20
322,20
323,24
324,19
325,29
326,21
327,26
328,20
329,31
330,22
331,20
332,28
333,22
334,30
335,17
336,20
337,23
338,20
339,25
340,34
341,19
342,21
343,29
344,17
345,24
346,26
347,29
348,31
349,22
350,18
351,18
352,24
353,20
354,21
355,24
356,26
357,23
358,26
359,30
360,15
361,21
362,18
363,23
364,21
365,28
366,15
367,21
368,20
369,28
370,24
371,17
372,31
373,21
374,24
375,23
376,20
377,26
378,33
379,22
380,24
381,28
382,23
383,25
384,22
385,59
386,17
387,19
388,20
389,15
390,18
391,19
392,21
393,22
394,32
395,19
396,24
397,18
398,20
399,24
400,22
401,23
402,26
403,28
404,20
405,21
406,39
407,24
408,27
409,17
410,27
411,22
412,26
413,34
414,19
415,25
416,28
417,29
418,31
419,21
420,15
421,21
422,25
423,23
424,21
425,21
426,24
427,30
428,19
429,20
430,31
431,19
432,16
433,24
434,30
435,25
436,29
437,25
438,17
439,22
440,17
441,23
442,25
443,25
444,23
445,11
446,16
447,20
448,27
449,24
450,22
451,26
452,17
453,20
454,27
455,31
456,27
457,21
458,23
459,26
460,25
461,21
462,26
463,14
464,27
465,17
466,18
467,17
468,19
469,23
470,23
471,29
472,18
473,25
474,17
475,30
476,24
477,15
478,17
479,22
480,29
481,17
482,20
483,24
484,19
485,20
486,22
487,20
488,57
489,22
490,20
491,22
492,20
493,16
494,24
495,30
496,23
497,26
498,21
499,26
500,21
501,27
502,17
503,16
504,29
505,15
506,26
507,53
508,26
509,24
510,34
511,18
512,20
513,27
514,24
515,34
516,27
517,24
518,32
519,23
520,23
521,25
522,21
523,20
524,24
525,30
526,16
527,26
528,20
529,22
530,25
531,24
532,23
533,15
534,15
535,22
536,20
537,17
538,26
539,15
540,22
541,21
542,33
543,32
544,23
545,32
546,25
547,27
548,27
549,18
550,20
551,18
552,27
553,18
554,24
555,20
556,29
557,22
558,29
559,25
560,16
561,24
562,22
563,24
564,24
565,26
566,28
567,17
568,21
569,26
570,20
571,15
572,32
573,12
574,19
575,27
576,19
577,17
578,21
579,33
580,20
581,24
582,23
583,25
584,28
585,18
586,19
587,17
588,21
589,24
590,17
591,52
592,14
593,35
594,24
595,25
596,17
597,19
598,21
599,21
600,19
601,20
602,30
603,17
604,17
605,26
606,25
607,21
608,60
609,27
610,15
611,25
612,25
613,20
614,26
615,28
616,10
617,21
618,22
619,13
620,27
621,23
622,35
623,23
624,20
625,21
626,22
627,19
628,25
629,22
630,25
631,27
632,25
633,26
634,25
635,22
636,23
637,26
638,20
639,22
640,25
641,13
642,27
643,22
644,26
645,29
646,24
647,21
648,28
649,29
650,18
651,17
652,28
653,18
654,23
655,19
656,19
657,19
658,20
659,22
660,23
661,27
662,19
663,23
664,24
665,18
666,25
667,23
668,21
669,26
670,22
671,27
672,24
673,25
674,26
675,16
676,15
677,25
678,29
679,21
680,24
681,22
682,24
683,25
684,26
685,22
686,16
687,24
688,25
689,25
690,21
691,18
692,22
693,19
694,50
695,19
696,18
697,20
698,19
699,23
700,22
701,17
702,22
703,22
704,31
705,16
706,23
707,29
708,24
709,43
710,21
711,21
712,18
713,24
714,26
715,25
716,29
717,26
718,17
719,24
720,17
721,26
722,23
723,24
724,25
725,25
726,19
727,20
728,23
729,16
730,20
731,23
732,16
733,23
734,23
735,22
736,25
737,19
738,17
739,25
740,25
741,22
742,23
743,21
744,14
745,28
746,26
747,23
748,25
749,18
750,25
751,25
752,14
753,21
754,24
755,27
756,29
757,20
758,21
759,30
760,16
761,15
762,29
763,29
764,21
765,27
766,22
767,20
768,22
769,19
770,27
771,18
772,31
773,30
774,24
775,17
776,18
777,20
778,34
779,20
780,16
781,20
782,19
783,31
784,24
785,16
786,26
787,28
788,22
789,26
790,14
791,27
792,24
793,26
794,23
795,13
796,27
797,48
798,23
799,25
800,21
801,25
802,25
803,30
804,19
805,23
806,24
807,21
808,20
809,30
810,45
811,24
812,19
813,32
814,26
815,27
816,17
817,30
818,31
819,25
820,24
821,22
822,19
823,18
824,25
825,23
826,24
827,20
828,18
829,18
830,25
831,25
832,20
833,18
834,21
835,21
836,20
837,29
838,13
839,28
840,19
841,17
842,19
843,16
844,25
845,10
846,21
847,21
848,24
849,23
850,16
851,25
852,23
853,21
854,25
855,25
856,22
857,26
858,34
859,18
860,18
861,24
862,20
863,20
864,16
865,27
866,17
867,23
868,31
869,17
870,19
871,20
872,24
873,16
874,34
875,17
876,28
877,23
878,21
879,22
880,25
881,24
882,20
883,21
884,29
885,32
886,25
887,24
888,19
889,23
890,22
891,27
892,18
893,30
894,17
895,20
896,23
897,19
898,30
899,19
900,40
901,21
902,19
903,17
904,22
905,22
906,30
907,17
908,24
909,25
910,18
911,53
912,24
913,20
914,22
915,32
916,33
917,14
918,28
919,29
920,18
921,30
922,19
923,25
924,19
925,27
926,15
927,23
928,22
929,35
930,13
931,19
932,30
933,17
934,26
935,30
936,26
937,19
938,20
939,24
940,24
941,16
942,26
943,29
944,21
945,22
946,21
947,20
948,27
949,19
950,30
951,25
952,25
953,27
954,20
955,27
956,25
957,27
958,16
959,29
960,24
961,19
962,24
963,20
964,24
965,22
966,27
967,20
968,19
969,23
970,20
971,23
972,25
973,17
974,25
975,23
976,20
977,16
978,24
979,24
980,14
981,20
982,24
983,27
984,20
985,17
986,23
987,27
988,21
989,26
990,13
991,25
992,21
993,24
994,28
995,18
996,19
997,18
998,21
999,23
1000,19
1001,22
1002,18
1003,57
1004,25
1005,24
1006,16
1007,30
1008,19
1009,29
1010,21
1011,19
1012,46
1013,22
1014,16
1015,32
1016,17
1017,21
1018,24
1019,28
1020,29
1021,13
1022,31
1023,23
1024,18
1025,25
1026,22
1027,28
1028,23
1029,26
1030,19
1031,21
1032,22
1033,25
1034,19
1035,22
1036,24
1037,28
1038,18
1039,21
1040,21
1041,29
1042,22
1043,29
1044,26
1045,18
1046,24
1047,16
1048,25
1049,20
1050,31
1051,24
1052,24
1053,17
1054,18
1055,24
1056,29
1057,38
1058,27
1059,22
1060,19
1061,20
1062,25
1063,16
1064,24
1065,17
1066,18
1067,26
1068,16
1069,21
1070,18
1071,18
1072,26
1073,17
1074,19
1075,21
1076,17
1077,23
1078,25
1079,25
1080,21
1081,10
1082,24
1083,20
1084,26
1085,25
1086,19
1087,22
1088,24
1089,26
1090,22
1091,27
1092,25
1093,23
1094,19
1095,28
1096,29
1097,27
1098,15
1099,25
1100,20
1101,21
1102,21
1103,18
1104,21
1105,28
1106,63
1107,21
1108,25
1109,16
1110,25
1111,13
1112,24
1113,42
1114,20
1115,15
1116,28
1117,24
1118,26
1119,22
1120,24
1121,25
1122,28
1123,18
1124,26
1125,26
1126,26
1127,28
1128,24
1129,24
1130,29
1131,16
1132,24
1133,24
1134,20
1135,23
1136,27
1137,26
1138,28
1139,28
1140,21
1141,25
1142,25
1143,22
1144,17
1145,24
1146,17
1147,22
1148,17
1149,22
1150,21
1151,25
1152,26
1153,24
1154,17
1155,26
1156,17
1157,18
1158,16
1159,25
1160,24
1161,28
1162,23
1163,44
1164,19
1165,21
1166,26
1167,24
1168,15
1169,19
1170,26
1171,17
1172,23
1173,20
1174,15
1175,26
1176,22
1177,23
1178,19
1179,16
1180,17
1181,23
1182,23
1183,27
1184,22
1185,28
1186,23
1187,28
1188,23
1189,24
1190,18
1191,28
1192,17
1193,27
1194,26
1195,26
1196,27
1197,32
1198,12
1199,31
1200,17
1201,17
1202,24
1203,18
1204,24
1205,37
1206,23
1207,21
1208,32
1209,64
1210,20
1211,30
1212,14
1213,29
1214,48
1215,35
1216,25
1217,19
1218,15
1219,18
1220,28
1221,26
1222,17
1223,19
1224,23
1225,16
1226,29
1227,18
1228,16
1229,19
1230,30
1231,26
1232,27
1233,26
1234,19
1235,21
1236,14
1237,19
1238,15
1239,23
1240,25
1241,23
1242,24
1243,21
1244,24
1245,21
1246,20
1247,27
1248,15
1249,23
1250,22
1251,16
1252,24
1253,27
1254,24
1255,21
1256,18
1257,21
1258,19
1259,13
1260,13
1261,23
1262,27
1263,24
1264,22
1265,18
1266,20
1267,22
1268,15
1269,17
1270,21
1271,25
1272,22
1273,17
1274,18
1275,20
1276,17
1277,31
1278,20
1279,27
1280,17
1281,26
1282,24
1283,24
1284,26
1285,22
1286,18
1287,18
1288,21
1289,24
1290,18
1291,15
1292,18
1293,22
1294,18
1295,20
1296,21
1297,17
1298,29
1299,25
1300,25
1301,25
1302,25
1303,16
1304,23
1305,23
1306,23
1307,19
1308,25
1309,24
1310,27
1311,24
1312,63
1313,25
1314,27
1315,41
1316,13
1317,23
1318,22
1319,23
1320,19
1321,26
1322,16
1323,26
1324,24
1325,25
1326,27
1327,29
1328,26
1329,25
1330,14
1331,22
1332,30
1333,21
1334,33
1335,23
1336,22
1337,22
1338,27
1339,24
1340,16
1341,25
1342,25
1343,33
1344,26
1345,29
1346,26
1347,22
1348,22
1349,31
1350,24
1351,36
1352,16
1353,21
1354,18
1355,18
1356,26
1357,18
1358,18
1359,21
1360,23
1361,25
1362,17
1363,28
1364,24
1365,30
1366,22
1367,25
1368,28
1369,33
1370,19
1371,22
1372,26
1373,21
1374,24
1375,23
1376,30
1377,18
1378,18
1379,21
1380,25
1381,18
1382,26
1383,19
1384,25
1385,27
1386,32
1387,19
1388,24
1389,33
1390,24
1391,24
1392,28
1393,24
1394,26
1395,18
1396,20
1397,25
1398,19
1399,19
1400,16
1401,16
1402,21
1403,22
1404,27
1405,23
1406,31
1407,19
1408,26
1409,27
1410,23
1411,24
1412,20
1413,37
1414,18
1415,46
1416,33
1417,26
1418,19
1419,16
1420,19
1421,29
1422,25
1423,20
1424,21
1425,26
1426,26
1427,20
1428,25
1429,21
1430,24
1431,25
1432,21
1433,26
1434,24
1435,24
1436,21
1437,34
1438,21
1439,25
1440,20
1441,23
1442,21
1443,27
1444,29
1445,27
1446,20
1447,27
1448,25
1449,16
1450,26
1451,22
1452,18
1453,20
1454,21
1455,18
1456,23
1457,23
1458,22
1459,20
1460,29
1461,17
1462,34
1463,25
1464,28
1465,23
1466,29
1467,24
1468,18
1469,17
1470,22
1471,25
1472,24
1473,17
1474,23
1475,19
1476,25
1477,17
1478,18
1479,18
1480,24
1481,19
1482,24
1483,24
1484,27
1485,38
1486,18
1487,24
1488,24
1489,23
1490,17
1491,29
1492,19
1493,22
1494,22
1495,21
1496,28
1497,17
1498,25
1499,29
1500,21
1501,28
1502,28
1503,23
1504,20
1505,25
1506,16
1507,24
1508,26
1509,18
1510,19
1511,16
1512,21
1513,22
1514,30
1515,31
1516,29
1517,41
1518,57
1519,25
1520,24
1521,33
1522,29
1523,23
1524,25
1525,32
1526,29
1527,23
1528,32
1529,29
1530,23
1531,25
1532,29
1533,23
1534,22
1535,24
1536,15
1537,25
1538,18
1539,31
1540,23
1541,26
1542,28
1543,21
1544,26
1545,22
1546,28
1547,25
1548,11
1549,22
1550,31
1551,23
1552,28
1553,22
1554,26
1555,29
1556,36
1557,27
1558,18
1559,20
1560,18
1561,24
1562,31
1563,32
1564,22
1565,19
1566,17
1567,23
1568,26
1569,22
1570,24
1571,19
1572,22
1573,18
1574,23
1575,28
1576,19
1577,17
1578,13
1579,25
1580,22
1581,22
1582,22
1583,16
1584,16
1585,26
1586,17
1587,18
1588,24
1589,25
1590,19
1591,18
1592,15
1593,14
1594,22
1595,23
1596,13
1597,15
1598,18
1599,19
1600,19
1601,23
1602,18
1603,20
1604,25
1605,25
1606,27
1607,24
1608,25
1609,19
1610,23
1611,26
1612,30
1613,18
1614,20
1615,24
1616,26
1617,24
1618,41
1619,25
1620,19
1621,64
1622,18
1623,28
1624,18
1625,24
1626,30
1627,23
1628,27
1629,14
1630,29
1631,28
1632,28
1633,26
1634,22
1635,24
1636,17
1637,16
1638,28
1639,26
1640,16
1641,31
1642,22
1643,19
1644,19
1645,21
1646,24
1647,18
1648,17
1649,16
1650,23
1651,29
1652,30
1653,21
1654,27
1655,30
1656,19
1657,19
1658,17
1659,18
1660,13
1661,31
1662,23
1663,18
1664,20
1665,31
1666,20
1667,24
1668,27
1669,15
1670,25
1671,27
1672,23
1673,26
1674,26
1675,26
1676,26
1677,24
1678,28
1679,19
1680,23
1681,20
1682,28
1683,19
1684,11
1685,25
1686,31
1687,19
1688,17
1689,18
1690,33
1691,21
1692,28
1693,27
1694,24
1695,26
1696,18
1697,19
1698,25
1699,22
1700,24
1701,25
1702,17
1703,28
1704,22
1705,17
1706,21
1707,24
1708,25
1709,23
1710,17
1711,22
1712,20
1713,25
1714,24
1715,19
1716,27
1717,28
1718,24
1719,38
1720,22
1721,22
1722,23
1723,19
1724,53
1725,26
1726,27
1727,19
1728,24
1729,32
1730,25
1731,27
1732,19
1733,19
1734,17
1735,25
1736,30
1737,27
1738,13
1739,22
1740,32
1741,25
1742,24
1743,32
1744,28
1745,24
1746,23
1747,23
1748,27
1749,18
1750,27
1751,19
1752,17
1753,21
1754,34
1755,26
1756,26
1757,22
1758,21
1759,30
1760,22
1761,22
1762,19
1763,20
1764,28
1765,15
1766,24
1767,20
1768,22
1769,22
1770,22
1771,25
1772,24
1773,22
1774,20
1775,28
1776,26
1777,22
1778,32
1779,26
1780,23
1781,19
1782,22
1783,29
1784,22
1785,26
1786,14
1787,22
1788,20
1789,17
1790,27
1791,20
1792,18
1793,24
1794,23
1795,19
1796,21
1797,23
1798,16
1799,23
1800,14
1801,22
1802,23
1803,28
1804,22
1805,23
1806,18
1807,19
1808,32
1809,13
1810,18
1811,17
1812,29
1813,12
1814,18
1815,23
1816,15
1817,25
1818,20
1819,22
1820,56
1821,26
1822,24
1823,17
1824,22
1825,23
1826,17
1827,49
1828,33
1829,21
1830,16
1831,21
1832,27
1833,23
1834,27
1835,18
1836,23
1837,26
1838,18
1839,28
1840,25
1841,23
1842,12
1843,27
1844,24
1845,19
1846,28
1847,16
1848,25
1849,29
1850,25
1851,23
1852,25
1853,26
1854,31
1855,24
1856,20
1857,22
1858,19
1859,21
1860,22
1861,20
1862,24
1863,16
1864,25
1865,17
1866,20
1867,26
1868,26
1869,23
1870,18
1871,17
1872,22
1873,14
1874,19
1875,25
1876,22
1877,21
1878,27
1879,22
1880,25
1881,24
1882,16
1883,18
1884,18
1885,24
1886,19
1887,31
1888,19
1889,13
1890,19
1891,24
1892,23
1893,20
1894,17
1895,36
1896,15
1897,26
1898,27
1899,18
1900,24
1901,33
1902,31
1903,18
1904,28
1905,25
1906,22
1907,22
1908,26
1909,21
1910,25
1911,25
1912,21
1913,31
1914,13
1915,22
1916,19
1917,22
1918,23
1919,27
1920,26
1921,38
1922,24
1923,22
1924,22
1925,22
1926,19
1927,26
1928,26
1929,29
1930,50
1931,19
1932,28
1933,19
1934,25
1935,23
1936,10
1937,26
1938,22
1939,12
1940,20
1941,21
1942,26
1943,19
1944,17
1945,22
1946,26
1947,21
1948,22
1949,20
1950,30
1951,22
1952,34
1953,17
1954,22
1955,16
1956,26
1957,22
1958,18
1959,28
1960,30
1961,21
1962,28
1963,24
1964,25
1965,32
1966,19
1967,24
1968,15
1969,24
1970,18
1971,20
1972,15
1973,18
1974,18
1975,20
1976,21
1977,23
1978,21
1979,27
1980,22
1981,18
1982,25
1983,24
1984,37
1985,22
1986,14
1987,27
1988,26
1989,18
1990,18
1991,25
1992,20
1993,20
1994,10
1995,17
1996,26
1997,23
1998,20
1999,25
2000,23
2001,21
2002,23
2003,20
2004,21
2005,26
2006,25
2007,27
2008,20
2009,27
2010,30
2011,15
2012,28
2013,24
2014,32
2015,23
2016,18
2017,28
2018,27
2019,31
2020,22
2021,25
2022,45
2023,24
2024,31
2025,13
2026,25
2027,24
2028,22
2029,22
2030,28
2031,23
2032,25
2033,50
2034,21
2035,17
2036,15
2037,21
2038,22
2039,24
2040,25
2041,16
2042,22
2043,27
2044,17
2045,23
2046,23
2047,20
2048,17
2049,14
2050,21
2051,23
2052,26
2053,24
2054,26
2055,24
2056,27
2057,18
2058,28
2059,25
2060,24
2061,25
2062,26
2063,30
2064,20
2065,22
2066,31
2067,28
2068,23
2069,23
2070,25
2071,27
2072,18
2073,27
2074,24
2075,11
2076,17
2077,22
2078,27
2079,20
2080,20
2081,16
2082,18
2083,18
2084,24
2085,23
2086,14
2087,27
2088,20
2089,17
2090,25
2091,21
2092,25
2093,25
2094,18
2095,25
2096,24
2097,24
2098,22
2099,29
2100,20
2101,23
2102,21
2103,23
2104,26
2105,25
2106,27
2107,18
2108,15
2109,25
2110,25
2111,25
2112,18
2113,26
2114,28
2115,22
2116,27
2117,22
2118,23
2119,27
2120,26
2121,17
2122,20
2123,39
2124,21
2125,17
2126,29
2127,23
2128,16
2129,28
2130,26
2131,30
2132,18
2133,15
2134,28
2135,31
2136,48
2137,20
2138,18
2139,19
2140,23
2141,23
2142,20
2143,30
2144,23
2145,22
2146,28
2147,25
2148,18
2149,16
2150,21
2151,29
2152,20
2153,21
2154,28
2155,24
2156,22
2157,27
2158,21
2159,26
2160,29
2161,33
2162,19
2163,25
2164,22
2165,22
2166,20
2167,17
2168,22
2169,14
2170,19
2171,27
2172,17
2173,24
2174,11
2175,19
2176,15
2177,19
2178,23
2179,28
2180,26
2181,21
2182,26
2183,17
2184,17
2185,23
2186,20
2187,18
2188,24
2189,21
2190,21
2191,23
2192,27
2193,26
2194,24
2195,22
2196,18
2197,24
2198,19
2199,29
2200,20
2201,27
2202,21
2203,21
2204,22
2205,27
2206,24
2207,19
2208,29
2209,25
2210,21
2211,22
2212,21
2213,19
2214,19
2215,22
2216,26
2217,27
2218,21
2219,27
2220,17
2221,24
2222,20
2223,26
2224,42
2225,22
2226,17
2227,20
2228,25
2229,29
2230,28
2231,17
2232,25
2233,17
2234,23
2235,31
2236,21
2237,25
2238,21
2239,49
2240,29
2241,26
2242,24
2243,24
2244,23
2245,17
2246,29
2247,23
2248,30
2249,26
2250,24
2251,20
2252,29
2253,24
2254,21
2255,29
2256,29
2257,20
2258,18
2259,20
2260,26
2261,20
2262,22
2263,22
2264,19
2265,22
2266,18
2267,23
2268,30
2269,18
2270,21
2271,16
2272,18
2273,26
2274,19
2275,25
2276,15
2277,18
2278,16
2279,20
2280,23
2281,30
2282,29
2283,21
2284,18
2285,23
2286,28
2287,20
2288,17
2289,21
2290,20
2291,26
2292,24
2293,29
2294,23
2295,19
2296,26
2297,18
2298,21
2299,24
2300,16
2301,22
2302,18
2303,17
2304,18
2305,23
2306,22
2307,17
2308,25
2309,27
2310,17
2311,16
2312,20
2313,27
2314,22
2315,26
2316,22
2317,23
2318,29
2319,24
2320,21
2321,24
2322,17
2323,17
2324,21
2325,42
2326,15
2327,29
2328,15
2329,24
2330,22
2331,21
2332,28
2333,27
2334,26
2335,32
2336,27
2337,25
2338,24
2339,17
2340,29
2341,17
2342,57
2343,26
2344,20
2345,17
2346,24
2347,20
2348,24
2349,24
2350,23
2351,27
2352,21
2353,26
2354,26
2355,21
2356,23
2357,16
2358,31
2359,25
2360,16
2361,18
2362,22
2363,21
2364,26
2365,13
2366,22
2367,34
2368,30
2369,23
2370,23
2371,25
2372,22
2373,23
2374,28
2375,25
2376,19
2377,29
2378,26
2379,19
2380,27
2381,32
2382,15
2383,11
2384,21
2385,21
2386,24
2387,24
2388,19
2389,23
2390,27
2391,27
2392,29
2393,22
2394,24
2395,23
2396,21
2397,24
2398,18
2399,15
2400,20
2401,20
2402,27
2403,32
2404,25
2405,18
2406,24
2407,29
2408,18
2409,18
2410,26
2411,21
2412,23
2413,26
2414,25
2415,17
2416,16
2417,27
2418,18
2419,31
2420,28
2421,13
2422,21
2423,13
2424,27
2425,18
2426,53
2427,20
2428,25
2429,21
2430,22
2431,19
2432,21
2433,28
2434,21
2435,21
2436,27
2437,25
2438,30
2439,25
2440,20
2441,24
2442,24
2443,23
2444,13
2445,66
2446,25
2447,24
2448,18
2449,23
2450,20
2451,20
2452,16
2453,31
2454,27
2455,28
2456,23
2457,28
2458,28
2459,25
2460,17
2461,27
2462,38
2463,16
2464,24
2465,22
2466,29
2467,14
2468,22
2469,29
2470,30
2471,16
2472,28
2473,25
2474,23
2475,20
2476,22
2477,19
2478,22
2479,22
2480,27
2481,15
2482,22
2483,24
2484,20
2485,19
2486,20
2487,16
2488,22
2489,16
2490,21
2491,19
2492,30
2493,22
2494,15
2495,20
2496,29
2497,18
2498,19
2499,25
2500,18
2501,13
2502,23
2503,31
2504,23
2505,18
2506,24
2507,32
2508,23
2509,24
2510,22
2511,22
2512,19
2513,14
2514,23
2515,33
2516,20
2517,18
2518,15
2519,25
2520,23
2521,20
2522,26
2523,17
2524,18
2525,17
2526,21
2527,55
2528,29
2529,21
2530,22
2531,16
2532,21
2533,20
2534,24
2535,18
2536,19
2537,25
2538,19
2539,22
2540,22
2541,29
2542,20
2543,22
2544,27
2545,30
2546,25
2547,23
2548,54
2549,22
2550,18
2551,30
2552,24
2553,18
2554,22
2555,25
2556,23
2557,25
2558,17
2559,17
2560,20
2561,27
2562,20
2563,20
2564,23
2565,23
2566,21
2567,23
2568,22
2569,28
2570,25
2571,27
2572,23
2573,22
2574,24
2575,17
2576,27
2577,27
2578,7
2579,23
2580,19
2581,16
2582,27
2583,16
2584,16
2585,31
2586,20
2587,23
2588,20
2589,31
2590,25
2591,14
2592,26
2593,15
2594,29
2595,17
2596,20
2597,32
2598,15
2599,26
2600,26
2601,27
2602,29
2603,18
2604,21
2605,23
2606,26
2607,26
2608,22
2609,20
2610,23
2611,22
2612,22
2613,26
2614,19
2615,24
2616,34
2617,35
2618,21
2619,24
2620,29
2621,20
2622,23
2623,23
2624,32
2625,16
2626,28
2627,26
2628,47
2629,17
2630,15
2631,23
2632,23
2633,30
2634,24
2635,23
2636,22
2637,22
2638,17
2639,24
2640,21
2641,24
2642,26
2643,28
2644,25
2645,31
2646,24
2647,17
2648,17
2649,29
2650,23
2651,57
2652,28
2653,27
2654,20
2655,18
2656,18
2657,26
2658,30
2659,21
2660,21
2661,23
2662,31
2663,23
2664,21
2665,37
2666,23
2667,32
2668,36
2669,21
2670,27
2671,24
2672,30
2673,22
2674,20
2675,23
2676,24
2677,21
2678,19
2679,21
2680,27
2681,22
2682,17
2683,23
2684,27
2685,21
2686,18
2687,19
2688,21
2689,16
2690,28
2691,27
2692,16
2693,24
2694,21
2695,17
2696,18
2697,25
2698,16
2699,20
2700,23
2701,33
2702,24
2703,27
2704,27
2705,29
2706,20
2707,30
2708,25
2709,22
2710,19
2711,21
2712,28
2713,34
2714,20
2715,31
2716,23
2717,25
2718,20
2719,25
2720,16
2721,23
2722,22
2723,30
2724,24
2725,17
2726,20
2727,20
2728,23
2729,46
2730,21
2731,18
2732,21
2733,17
2734,22
2735,24
2736,33
2737,24
2738,13
2739,22
2740,19
2741,30
2742,27
2743,25
2744,25
2745,32
2746,24
2747,29
2748,25
2749,23
2750,24
2751,16
2752,25
2753,14
2754,54
2755,19
2756,27
2757,20
2758,29
2759,24
2760,18
2761,27
2762,18
2763,24
2764,21
2765,17
2766,27
2767,20
2768,22
2769,16
2770,28
2771,23
2772,23
2773,19
2774,20
2775,28
2776,31
2777,25
2778,17
2779,21
2780,25
2781,26
2782,18
2783,29
2784,30
2785,17
2786,20
2787,21
2788,15
2789,20
2790,26
2791,24
2792,14
2793,24
2794,15
2795,14
2796,25
2797,24
2798,21
2799,17
2800,31
2801,26
2802,26
2803,23
2804,29
2805,19
2806,28
2807,15
2808,22
2809,29
2810,30
2811,28
2812,19
2813,28
2814,18
2815,16
2816,11
2817,30
2818,23
2819,24
2820,21
2821,36
2822,19
2823,18
2824,33
2825,18
2826,20
2827,13
2828,17
2829,25
2830,49
2831,27
2832,21
2833,12
2834,22
2835,17
2836,25
2837,26
2838,24
2839,23
2840,22
2841,34
2842,30
2843,22
2844,18
2845,23
2846,23
2847,31
2848,32
2849,25
2850,29
2851,30
2852,21
2853,20
2854,23
2855,26
2856,31
2857,58
2858,24
2859,23
2860,32
2861,16
2862,20
2863,28
2864,21
2865,14
2866,26
2867,24
2868,18
2869,35
2870,20
2871,21
2872,31
2873,35
2874,22
2875,24
2876,22
2877,26
2878,22
2879,20
2880,21
2881,26
2882,22
2883,20
2884,26
2885,20
2886,30
2887,11
2888,24
2889,23
2890,17
2891,16
2892,18
2893,26
2894,19
2895,23
2896,24
2897,26
2898,22
2899,25
2900,28
2901,19
2902,14
2903,17
2904,17
2905,18
2906,18
2907,24
2908,22
2909,25
2910,20
2911,24
2912,26
2913,22
2914,25
2915,24
2916,21
2917,21
2918,16
2919,24
2920,20
2921,24
2922,22
2923,26
2924,23
2925,26
2926,20
2927,23
2928,28
2929,19
2930,15
2931,47
2932,26
2933,24
2934,25
2935,21
2936,31
2937,24
2938,18
2939,17
2940,29
2941,25
2942,13
2943,26
2944,29
2945,19
2946,26
2947,21
2948,22
2949,21
2950,28
2951,31
2952,21
2953,19
2954,28
2955,21
2956,23
2957,21
2958,27
2959,20
2960,59
2961,34
2962,18
2963,25
2964,24
2965,14
2966,18
2967,33
2968,19
2969,21
2970,21
2971,22
2972,27
2973,20
2974,23
2975,23
2976,31
2977,29
2978,18
2979,19
2980,28
2981,19
2982,18
2983,22
2984,18
2985,31
2986,20
2987,14
2988,22
2989,15
2990,26
2991,21
2992,20
2993,15
2994,24
2995,24
2996,20
2997,32
2998,29
2999,22
3000,26
3001,19
3002,24
3003,26
3004,26
3005,18
3006,32
3007,18
3008,25
3009,14
3010,18
3011,29
3012,29
3013,19
3014,29
3015,28
3016,22
3017,20
3018,19
3019,22
3020,27
3021,23
3022,16
3023,21
3024,23
3025,14
3026,17
3027,19
3028,23
3029,33
3030,25
3031,23
3032,46
3033,21
3034,27
3035,28
3036,28
3037,15
3038,22
3039,29
3040,20
3041,21
3042,27
3043,25
3044,25
3045,28
3046,17
3047,27
3048,24
3049,24
3050,27
3051,24
3052,16
3053,25
3054,19
3055,29
3056,25
3057,15
3058,18
3059,31
3060,17
3061,17
3062,18
3063,53
3064,22
3065,24
3066,31
3067,24
3068,24
3069,22
3070,16
3071,28
3072,23
3073,31
3074,24
3075,24
3076,21
3077,33
3078,29
3079,23
3080,22
3081,16
3082,19
3083,22
3084,24
3085,21
3086,24
3087,21
3088,33
3089,20
3090,18
3091,33
3092,27
3093,21
3094,16
3095,18
3096,30
3097,18
3098,21
3099,17
3100,22
3101,28
3102,22
3103,25
3104,25
3105,18
3106,31
3107,33
3108,13
3109,20
3110,26
3111,18
3112,20
3113,30
3114,23
3115,20
3116,33
3117,20
3118,21
3119,21
3120,16
3121,31
3122,17
3123,20
3124,26
3125,25
3126,17
3127,27
3128,25
3129,23
3130,26
3131,28
3132,20
3133,43
3134,22
3135,32
3136,23
3137,17
3138,32
3139,23
3140,19
3141,23
3142,24
3143,23
3144,24
3145,29
3146,20
3147,18
3148,28
3149,14
3150,15
3151,31
3152,27
3153,18
3154,16
3155,21
3156,26
3157,21
3158,24
3159,16
3160,13
3161,19
3162,31
3163,19
3164,20
3165,20
3166,52
3167,26
3168,15
3169,26
3170,12
3171,26
3172,24
3173,23
3174,29
3175,28
3176,19
3177,28
3178,27
3179,26
3180,20
3181,19
3182,18
3183,39
3184,18
3185,15
3186,19
3187,22
3188,23
3189,28
3190,14
3191,21
3192,25
3193,24
3194,19
3195,22
3196,17
3197,19
3198,25
3199,22
3200,21
3201,20
3202,13
3203,26
3204,20
3205,28
3206,20
3207,23
3208,22
3209,23
3210,28
3211,20
3212,22
3213,14
3214,21
3215,20
3216,16
3217,19
3218,24
3219,23
3220,21
3221,28
3222,19
3223,19
3224,22
3225,19
3226,18
3227,25
3228,28
3229,18
3230,25
3231,23
3232,21
3233,17
3234,43
3235,22
3236,24
3237,27
3238,31
3239,29
3240,23
3241,24
3242,27
3243,14
3244,24
3245,21
3246,19
3247,25
3248,13
3249,32
3250,26
3251,23
3252,17
3253,38
3254,17
3255,20
3256,29
3257,21
3258,22
3259,24
3260,29
3261,24
3262,25
3263,21
3264,22
3265,22
3266,20
3267,22
3268,23
3269,56
3270,31
3271,25
3272,17
3273,23
3274,17
3275,20
3276,16
3277,22
3278,32
3279,24
3280,20
3281,20
3282,28
3283,29
3284,24
3285,22
3286,34
3287,24
3288,28
3289,24
3290,22
3291,31
3292,21
3293,26
3294,24
3295,14
3296,23
3297,25
3298,29
3299,24
3300,20
3301,31
3302,32
3303,27
3304,20
3305,31
3306,24
3307,24
3308,17
3309,15
3310,21
3311,37
3312,22
3313,25
3314,17
3315,31
3316,25
3317,22
3318,19
3319,27
3320,25
3321,15
3322,33
3323,30
3324,24
3325,19
3326,24
3327,18
3328,26
3329,20
3330,25
3331,17
3332,23
3333,23
3334,27
3335,42
3336,25
3337,27
3338,28
3339,24
3340,21
3341,22
3342,23
3343,18
3344,20
3345,29
3346,19
3347,23
3348,27
3349,22
3350,28
3351,24
3352,27
3353,26
3354,22
3355,22
3356,26
3357,24
3358,20
3359,27
3360,24
3361,24
3362,22
3363,29
3364,21
3365,21
3366,21
3367,16
3368,30
3369,19
3370,27
3371,27
3372,55
3373,19
3374,25
3375,23
3376,21
3377,22
3378,14
3379,33
3380,26
3381,20
3382,22
3383,16
3384,13
3385,26
3386,23
3387,22
3388,25
3389,29
3390,22
3391,31
3392,26
3393,14
3394,27
3395,22
3396,25
3397,16
3398,22
3399,21
3400,16
3401,17
3402,26
3403,25
3404,29
3405,20
3406,19
3407,32
3408,19
3409,24
3410,27
3411,21
3412,23
3413,17
3414,27
3415,19
3416,18
3417,24
3418,19
3419,25
3420,20
3421,21
3422,20
3423,26
3424,23
3425,21
3426,18
3427,24
3428,25
3429,18
3430,20
3431,29
3432,23
3433,30
3434,25
3435,22
3436,37
3437,18
3438,24
3439,21
3440,16
3441,23
3442,28
3443,20
3444,20
3445,33
3446,20
3447,25
3448,26
3449,24
3450,17
3451,20
3452,18
3453,31
3454,10
3455,27
3456,27
3457,20
3458,32
3459,33
3460,28
3461,22
3462,25
3463,26
3464,18
3465,23
3466,36
3467,21
3468,24
3469,20
3470,16
3471,23
3472,28
3473,24
3474,23
3475,64
3476,16
3477,22
3478,27
3479,25
3480,22
3481,29
3482,22
3483,19
3484,23
3485,26
3486,21
3487,29
3488,18
3489,17
3490,21
3491,35
3492,22
3493,21
3494,27
3495,22
3496,29
3497,23
3498,27
3499,21
3500,21
3501,24
3502,22
3503,24
3504,26
3505,11
3506,14
3507,26
3508,24
3509,24
3510,28
3511,23
3512,26
3513,20
3514,22
3515,24
3516,21
3517,22
3518,23
3519,24
3520,27
3521,23
3522,25
3523,15
3524,16
3525,24
3526,24
3527,27
3528,24
3529,24
3530,17
3531,25
3532,27
3533,15
3534,21
3535,19
3536,22
3537,43
3538,23
3539,20
3540,21
3541,19
3542,28
3543,19
3544,23
3545,15
3546,27
3547,25
3548,20
3549,19
3550,21
3551,18
3552,25
3553,22
3554,31
3555,21
3556,19
3557,15
3558,25
3559,20
3560,20
3561,21
3562,21
3563,17
3564,21
3565,28
3566,19
3567,28
3568,21
3569,18
3570,22
3571,25
3572,12
3573,23
3574,17
3575,17
3576,31
3577,21
3578,70
3579,26
3580,23
3581,30
3582,24
3583,27
3584,19
3585,22
3586,17
3587,27
3588,15
3589,21
3590,17
3591,23
3592,17
3593,33
3594,32
3595,29
3596,29
3597,20
3598,22
3599,27
3600,26
3601,22
3602,31
3603,25
3604,22
3605,25
3606,19
3607,23
3608,23
3609,29
3610,16
3611,27
3612,27
3613,18
3614,21
3615,18
3616,21
3617,24
3618,16
3619,21
3620,18
3621,33
3622,25
3623,28
3624,28
3625,14
3626,17
3627,19
3628,21
3629,17
3630,34
3631,23
3632,24
3633,15
3634,21
3635,26
3636,22
3637,22
3638,46
3639,32
3640,16
3641,31
3642,26
3643,18
3644,23
3645,30
3646,29
3647,19
3648,25
3649,21
3650,32
3651,21
3652,23
3653,23
3654,24
3655,33
3656,17
3657,15
3658,21
3659,25
3660,22
3661,22
3662,31
3663,24
3664,18
3665,24
3666,15
3667,31
3668,20
3669,15
3670,20
3671,21
3672,19
3673,26
3674,24
3675,20
3676,23
3677,35
3678,18
3679,19
3680,28
3681,51
3682,30
3683,20
3684,18
3685,19
3686,31
3687,14
3688,24
3689,24
3690,19
3691,22
3692,21
3693,22
3694,27
3695,29
3696,23
3697,26
3698,19
3699,20
3700,19
3701,20
3702,23
3703,30
3704,25
3705,23
3706,26
3707,20
3708,20
3709,29
3710,22
3711,22
3712,27
3713,20
3714,29
3715,22
3716,26
3717,19
3718,25
3719,25
3720,20
3721,21
3722,26
3723,20
3724,21
3725,23
3726,26
3727,25
3728,19
3729,17
3730,23
3731,22
3732,18
3733,23
3734,25
3735,28
3736,30
3737,15
3738,22
3739,51
3740,20
3741,29
3742,27
3743,20
3744,26
3745,17
3746,21
3747,29
3748,30
3749,22
3750,25
3751,28
3752,19
3753,31
3754,21
3755,20
3756,26
3757,17
3758,21
3759,25
3760,24
3761,28
3762,27
3763,30
3764,24
3765,20
3766,29
3767,18
3768,24
3769,27
3770,26
3771,20
3772,22
3773,18
3774,25
3775,29
3776,18
3777,33
3778,24
3779,21
3780,18
3781,18
3782,25
3783,28
3784,64
3785,20
3786,19
3787,15
3788,24
3789,22
3790,17
3791,26
3792,31
3793,19
3794,14
3795,22
3796,15
3797,26
3798,25
3799,19
3800,28
3801,20
3802,24
3803,22
3804,26
3805,22
3806,33
3807,13
3808,23
3809,30
3810,19
3811,21
3812,17
3813,16
3814,32
3815,23
3816,22
3817,22
3818,27
3819,28
3820,21
3821,23
3822,24
3823,30
3824,22
3825,14
3826,18
3827,33
3828,21
3829,16
3830,29
3831,25
3832,19
3833,12
3834,27
3835,17
3836,33
3837,24
3838,17
3839,15
3840,57
3841,28
3842,20
3843,18
3844,24
3845,21
3846,20
3847,29
3848,28
3849,23
3850,15
3851,26
3852,17
3853,29
3854,24
3855,18
3856,23
3857,21
3858,21
3859,19
3860,24
3861,22
3862,23
3863,18
3864,22
3865,24
3866,19
3867,30
3868,15
3869,26
3870,21
3871,23
3872,27
3873,14
3874,29
3875,25
3876,23
3877,31
3878,15
3879,20
3880,23
3881,31
3882,17
3883,24
3884,24
3885,21
3886,19
3887,44
3888,25
3889,20
3890,23
3891,22
3892,26
3893,24
3894,27
3895,31
3896,20
3897,17
3898,22
3899,21
3900,21
3901,24
3902,33
3903,25
3904,15
3905,18
3906,25
3907,33
3908,18
3909,24
3910,28
3911,21
3912,27
3913,28
3914,24
3915,22
3916,24
3917,27
3918,24
3919,18
3920,21
3921,22
3922,21
3923,24
3924,21
3925,12
3926,25
3927,23
3928,23
3929,22
3930,21
3931,17
3932,20
3933,17
3934,29
3935,22
3936,20
3937,20
3938,28
3939,33
3940,23
3941,48
3942,29
3943,20
3944,27
3945,24
3946,25
3947,25
3948,26
3949,25
3950,19
3951,31
3952,24
3953,22
3954,28
3955,21
3956,27
3957,32
3958,30
3959,21
3960,24
3961,22
3962,24
3963,18
3964,19
3965,27
3966,28
3967,24
3968,27
3969,27
3970,25
3971,27
3972,25
3973,25
3974,18
3975,27
3976,24
3977,17
3978,23
3979,23
3980,28
3981,31
3982,25
3983,18
3984,29
3985,25
3986,22
3987,23
3988,23
3989,22
3990,56
3991,22
3992,32
3993,21
3994,19
3995,22
3996,23
3997,29
3998,22
3999,18
4000,15
4001,21
4002,27
4003,28
4004,24
4005,14
4006,25
4007,18
4008,26
4009,20
4010,17
4011,30
4012,20
4013,26
4014,20
4015,20
4016,27
4017,12
4018,18
4019,17
4020,20
4021,25
4022,30
4023,30
4024,23
4025,23
4026,18
4027,19
4028,25
4029,23
4030,32
4031,18
4032,23
4033,25
4034,20
4035,20
4036,26
4037,28
4038,24
4039,27
4040,19
4041,19
4042,55
4043,27
4044,26
4045,26
4046,20
4047,29
4048,25
4049,19
4050,28
4051,25
4052,27
4053,27
4054,16
4055,20
4056,20
4057,19
4058,32
4059,27
4060,26
4061,20
4062,20
4063,19
4064,26
4065,32
4066,29
4067,25
4068,25
4069,26
4070,27
4071,30
4072,23
4073,19
4074,23
4075,22
4076,30
4077,30
4078,32
4079,18
4080,20
4081,22
4082,22
4083,26
4084,29
4085,16
4086,22
4087,18
4088,20
4089,21
4090,17
4091,16
4092,15
4093,60
4094,22
4095,20
4096,20
4097,27
4098,17
4099,30
4100,21
4101,22
4102,32
4103,24
4104,26
4105,22
4106,22
4107,18
4108,26
4109,27
4110,24
4111,25
4112,19
4113,19
4114,23
4115,22
4116,22
4117,15
4118,17
4119,24
4120,20
4121,21
4122,21
4123,19
4124,16
4125,22
4126,28
4127,28
4128,23
4129,16
4130,34
4131,28
4132,21
4133,20
4134,27
4135,21
4136,30
4137,9
4138,15
4139,24
4140,25
4141,37
4142,22
4143,50
4144,23
4145,17
4146,23
4147,27
4148,26
4149,20
4150,29
4151,26
4152,25
4153,25
4154,23
4155,18
4156,35
4157,15
4158,22
4159,24
4160,17
4161,13
4162,27
4163,19
4164,21
4165,29
4166,22
4167,24
4168,19
4169,34
4170,23
4171,24
4172,36
4173,19
4174,13
4175,22
4176,19
4177,17
4178,31
4179,23
4180,21
4181,19
4182,26
4183,27
4184,20
4185,24
4186,19
4187,23
4188,20
4189,25
4190,23
4191,22
4192,22
4193,21
4194,24
4195,21
4196,41
4197,25
4198,25
4199,20
4200,27
4201,23
4202,22
4203,22
4204,18
4205,18
4206,28
4207,22
4208,19
4209,26
4210,21
4211,19
4212,25
4213,30
4214,19
4215,22
4216,21
4217,26
4218,22
4219,18
4220,27
4221,27
4222,24
4223,28
4224,22
4225,25
4226,20
4227,24
4228,22
4229,24
4230,25
4231,21
4232,25
4233,21
4234,16
4235,15
4236,22
4237,21
4238,25
4239,25
4240,22
4241,22
4242,19
4243,18
4244,42
4245,26
4246,21
4247,23
4248,23
4249,26
4250,24
4251,27
4252,27
4253,24
4254,28
4255,30
4256,16
4257,23
4258,20
4259,16
4260,23
4261,18
4262,18
4263,18
4264,18
4265,28
4266,24
4267,20
4268,25
4269,27
4270,31
4271,20
4272,28
4273,24
4274,25
4275,24
4276,18
4277,31
4278,21
4279,24
4280,22
4281,20
4282,23
4283,27
4284,24
4285,32
4286,26
4287,22
4288,14
4289,30
4290,34
4291,24
4292,22
4293,20
4294,25
4295,24
4296,20
4297,22
4298,23
4299,54
4300,18
4301,22
4302,21
4303,23
4304,27
4305,24
4306,29
4307,13
4308,23
4309,23
4310,24
4311,20
4312,22
4313,28
4314,25
4315,21
4316,19
4317,18
4318,20
4319,27
4320,25
4321,28
4322,15
4323,25
4324,33
4325,18
4326,18
4327,18
4328,33
4329,25
4330,23
4331,19
4332,22
4333,26
4334,21
4335,24
4336,17
4337,23
4338,24
4339,12
4340,27
4341,19
4342,19
4343,15
4344,27
4345,55
4346,25
4347,24
4348,28
4349,17
4350,22
4351,18
4352,29
4353,24
4354,18
4355,24
4356,16
4357,31
4358,20
4359,28
4360,25
4361,22
4362,13
4363,19
4364,20
4365,27
4366,34
4367,20
4368,27
4369,28
4370,31
4371,19
4372,20
4373,22
4374,30
4375,19
4376,25
4377,20
4378,25
4379,27
4380,18
4381,16
4382,23
4383,29
4384,21
4385,20
4386,23
4387,19
4388,18
4389,22
4390,24
4391,23
4392,16
4393,26
4394,19
4395,32
4396,26
4397,27
4398,19
4399,18
4400,26
4401,23
4402,59
4403,23
4404,20
4405,23
4406,15
4407,19
4408,17
4409,27
4410,26
4411,21
4412,23
4413,16
4414,22
4415,26
4416,20
4417,22
4418,22
4419,18
4420,27
4421,25
4422,22
4423,20
4424,30
4425,25
4426,22
4427,24
4428,24
4429,23
4430,28
4431,21
4432,18
4433,14
4434,25
4435,11
4436,18
4437,18
4438,25
4439,17
4440,32
4441,21
4442,17
4443,21
4444,25
4445,21
4446,47
4447,24
4448,19
4449,21
4450,22
4451,27
4452,18
4453,11
4454,24
4455,20
4456,17
4457,24
4458,19
4459,23
4460,24
4461,24
4462,18
4463,32
4464,28
4465,22
4466,26
4467,31
4468,23
4469,23
4470,21
4471,22
4472,23
4473,19
4474,22
4475,26
4476,23
4477,23
4478,24
4479,15
4480,23
4481,20
4482,30
4483,29
4484,18
4485,24
4486,24
4487,14
4488,15
4489,24
4490,21
4491,18
4492,21
4493,20
4494,25
4495,23
4496,17
4497,21
4498,23
4499,24
4500,29
4501,26
4502,16
4503,37
4504,20
4505,67
4506,19
4507,28
4508,27
4509,18
4510,18
4511,20
4512,28
4513,21
4514,17
4515,28
4516,23
4517,22
4518,25
4519,24
4520,30
4521,27
4522,35
4523,22
4524,24
4525,21
4526,30
4527,26
4528,19
4529,19
4530,24
4531,25
4532,16
4533,22
4534,15
4535,16
4536,29
4537,20
4538,31
4539,27
4540,19
4541,18
4542,17
4543,25
4544,32
4545,19
4546,25
4547,45
4548,20
4549,22
4550,23
4551,24
4552,23
4553,28
4554,21
4555,26
4556,21
4557,30
4558,20
4559,22
4560,22
4561,17
4562,28
4563,24
4564,17
4565,18
4566,18
4567,25
4568,29
4569,22
4570,19
4571,21
4572,28
4573,24
4574,35
4575,25
4576,36
4577,30
4578,22
4579,26
4580,22
4581,27
4582,23
4583,25
4584,18
4585,24
4586,21
4587,23
4588,32
4589,19
4590,29
4591,21
4592,29
4593,30
4594,24
4595,19
4596,23
4597,19
4598,23
4599,25
4600,29
4601,22
4602,28
4603,23
4604,27
4605,31
4606,34
4607,27
4608,53
4609,24
4610,18
4611,20
4612,25
4613,22
4614,19
4615,24
4616,24
4617,20
4618,25
4619,27
4620,20
4621,29
4622,22
4623,18
4624,35
4625,27
4626,21
4627,17
4628,20
4629,22
4630,22
4631,25
4632,20
4633,29
4634,29
4635,17
4636,24
4637,23
4638,26
4639,20
4640,25
4641,23
4642,21
4643,31
4644,25
4645,22
4646,24
4647,26
4648,49
4649,21
4650,13
4651,20
4652,13
4653,21
4654,24
4655,21
4656,31
4657,24
4658,27
4659,21
4660,21
4661,22
4662,10
4663,21
4664,23
4665,31
4666,16
4667,22
4668,22
4669,28
4670,21
4671,26
4672,30
4673,16
4674,27
4675,25
4676,25
4677,36
4678,20
4679,18
4680,32
4681,32
4682,20
4683,21
4684,29
4685,21
4686,15
4687,24
4688,16
4689,21
4690,21
4691,19
4692,19
4693,28
4694,26
4695,17
4696,27
4697,13
4698,21
4699,21
4700,21
4701,28
4702,20
4703,22
4704,23
4705,23
4706,26
4707,22
4708,32
4709,23
4710,22
4711,47
4712,23
4713,27
4714,17
4715,29
4716,22
4717,21
4718,30
4719,26
4720,24
4721,23
4722,14
4723,18
4724,22
4725,21
4726,16
4727,21
4728,32
4729,27
4730,19
4731,22
4732,26
4733,25
4734,33
4735,20
4736,20
4737,19
4738,24
4739,16
4740,16
4741,21
4742,21
4743,18
4744,25
4745,23
4746,24
4747,28
4748,15
4749,37
4750,29
4751,18
4752,20
4753,27
4754,16
4755,23
4756,21
4757,24
4758,19
4759,25
4760,31
4761,23
4762,15
4763,22
4764,20
4765,23
4766,22
4767,17
4768,25
4769,22
4770,20
4771,28
4772,17
4773,20
4774,21
4775,26
4776,24
4777,18
4778,33
4779,23
4780,16
4781,26
4782,22
4783,18
4784,17
4785,22
4786,25
4787,20
4788,26
4789,23
4790,28
4791,23
4792,20
4793,17
4794,20
4795,21
4796,18
4797,19
4798,15
4799,25
4800,25
4801,23
4802,24
4803,21
4804,21
4805,26
4806,26
4807,31
4808,12
4809,18
4810,19
4811,19
4812,23
4813,18
4814,62
4815,26
4816,18
4817,28
4818,19
4819,15
4820,28
4821,19
4822,23
4823,25
4824,20
4825,26
4826,24
4827,23
4828,23
4829,15
4830,20
4831,16
4832,24
4833,29
4834,19
4835,23
4836,28
4837,26
4838,29
4839,22
4840,27
4841,23
4842,27
4843,22
4844,22
4845,21
4846,19
4847,15
4848,24
4849,24
4850,53
4851,17
4852,14
4853,25
4854,20
4855,25
4856,17
4857,20
4858,20
4859,20
4860,23
4861,32
4862,28
4863,19
4864,22
4865,17
4866,26
4867,26
4868,28
4869,20
4870,19
4871,20
4872,28
4873,28
4874,26
4875,29
4876,25
4877,23
4878,24
4879,24
4880,24
4881,23
4882,19
4883,22
4884,25
4885,16
4886,29
4887,23
4888,22
4889,26
4890,22
4891,23
4892,31
4893,29
4894,23
4895,16
4896,21
4897,30
4898,21
4899,19
4900,22
4901,26
4902,20
4903,14
4904,33
4905,29
4906,11
4907,21
4908,29
4909,25
4910,33
4911,24
4912,17
4913,22
4914,21
4915,18
4916,24
4917,53
4918,24
4919,20
4920,17
4921,16
4922,25
4923,22
4924,30
4925,28
4926,20
4927,22
4928,29
4929,21
4930,28
4931,17
4932,14
4933,15
4934,24
4935,21
4936,27
4937,23
4938,23
4939,23
4940,18
4941,19
4942,24
4943,23
4944,27
4945,19
4946,25
4947,23
4948,24
4949,19
4950,17
4951,43
4952,25
4953,23
4954,21
4955,27
4956,18
4957,23
4958,21
4959,27
4960,25
4961,25
4962,18
4963,27
4964,25
4965,29
4966,26
4967,17
4968,24
4969,19
4970,23
4971,19
4972,25
4973,23
4974,22
4975,21
4976,17
4977,15
4978,18
4979,24
4980,33
4981,20
4982,30
4983,25
4984,27
4985,18
4986,19
4987,24
4988,17
4989,18
4990,23
4991,23
4992,27
4993,22
4994,26
4995,21
4996,21
4997,16
4998,19
4999,28
5000,19
5001,20
5002,32
5003,26
5004,24
5005,17
5006,14
5007,21
5008,22
5009,22
5010,25
5011,27
5012,21
5013,21
5014,23
5015,20
5016,17
5017,22
5018,24
5019,30
5020,58
5021,17
5022,23
5023,24
5024,19
5025,24
5026,26
5027,20
5028,30
5029,18
5030,29
5031,29
5032,22
5033,24
5034,19
5035,27
5036,26
5037,19
5038,22
5039,18
5040,25
5041,21
5042,20
5043,20
5044,27
5045,21
5046,24
5047,26
5048,25
5049,27
5050,22
5051,20
5052,39
5053,26
5054,19
5055,27
5056,24
5057,20
5058,21
5059,23
5060,23
5061,20
5062,22
5063,22
5064,27
5065,27
5066,22
5067,12
5068,26
5069,29
5070,22
5071,22
5072,23
5073,31
5074,28
5075,22
5076,23
5077,24
5078,18
5079,16
5080,19
5081,24
5082,21
5083,20
5084,24
5085,20
5086,18
5087,26
5088,25
5089,34
5090,23
5091,17
5092,25
5093,24
5094,22
5095,33
5096,18
5097,19
5098,20
5099,18
5100,20
5101,30
5102,16
5103,28
5104,29
5105,26
5106,33
5107,24
5108,23
5109,21
5110,32
5111,27
5112,25
5113,21
5114,24
5115,16
5116,25
5117,20
5118,24
5119,29
5120,19
5121,21
5122,16
5123,43
5124,16
5125,22
5126,18
5127,26
5128,24
5129,25
5130,28
5131,19
5132,31
5133,20
5134,17
5135,26
5136,25
5137,13
5138,24
5139,31
5140,28
5141,24
5142,17
5143,22
5144,20
5145,26
5146,19
5147,18
5148,14
5149,15
5150,28
5151,31
5152,18
5153,37
5154,29
5155,22
5156,21
5157,16
5158,17
5159,25
5160,19
5161,27
5162,22
5163,22
5164,26
5165,27
5166,21
5167,20
5168,17
5169,25
5170,29
5171,16
5172,23
5173,21
5174,15
5175,28
5176,28
5177,26
5178,27
5179,22
5180,24
5181,24
5182,25
5183,27
5184,19
5185,23
5186,19
5187,21
5188,19
5189,21
5190,16
5191,30
5192,18
5193,21
5194,22
5195,30
5196,17
5197,22
5198,25
5199,19
5200,23
5201,22
5202,25
5203,30
5204,29
5205,21
5206,27
5207,19
5208,23
5209,9
5210,20
5211,24
5212,14
5213,17
5214,21
5215,27
5216,24
5217,27
5218,16
5219,23
5220,36
5221,27
5222,20
5223,16
5224,22
5225,11
5226,60
5227,23
5228,30
5229,19
5230,28
5231,22
5232,17
5233,20
5234,33
5235,28
5236,16
5237,33
5238,21
5239,21
5240,22
5241,25
5242,31
5243,25
5244,24
5245,17
5246,23
5247,19
5248,18
5249,26
5250,26
5251,29
5252,22
5253,20
5254,47
5255,29
5256,20
5257,24
5258,20
5259,17
5260,22
5261,24
5262,23
5263,16
5264,19
5265,21
5266,22
5267,25
5268,20
5269,19
5270,23
5271,25
5272,24
5273,26
5274,20
5275,25
5276,20
5277,35
5278,29
5279,23
5280,26
5281,27
5282,19
5283,24
5284,21
5285,16
5286,35
5287,16
5288,24
5289,27
5290,27
5291,13
5292,21
5293,22
5294,25
5295,31
5296,29
5297,19
5298,25
5299,30
5300,24
5301,25
5302,26
5303,20
5304,16
5305,23
5306,22
5307,18
5308,21
5309,23
5310,26
5311,23
5312,24
5313,32
5314,16
5315,20
5316,22
5317,21
5318,23
5319,25
5320,23
5321,27
5322,18
5323,27
5324,29
5325,19
5326,13
5327,27
5328,35
5329,51
5330,20
5331,31
5332,20
5333,28
5334,19
5335,27
5336,23
5337,25
5338,24
5339,21
5340,22
5341,17
5342,30
5343,25
5344,20
5345,16
5346,21
5347,30
5348,22
5349,21
5350,26
5351,24
5352,30
5353,21
5354,29
5355,45
5356,25
5357,18
5358,24
5359,24
5360,23
5361,31
5362,22
5363,28
5364,22
5365,30
5366,25
5367,25
5368,20
5369,22
5370,18
5371,24
5372,25
5373,25
5374,18
5375,16
5376,25
5377,21
5378,24
5379,32
5380,19
5381,25
5382,23
5383,27
5384,31
5385,22
5386,22
5387,19
5388,21
5389,11
5390,21
5391,28
5392,21
5393,20
5394,27
5395,23
5396,20
5397,18
5398,28
5399,26
5400,24
5401,25
5402,18
5403,27
5404,27
5405,26
5406,24
5407,15
5408,24
5409,13
5410,18
5411,25
5412,19
5413,25
5414,31
5415,18
5416,25
5417,18
5418,21
5419,26
5420,21
5421,18
5422,20
5423,20
5424,17
5425,24
5426,11
5427,18
5428,31
5429,21
5430,26
5431,29
5432,63
5433,26
5434,28
5435,19
5436,30
5437,27
5438,27
5439,26
5440,15
5441,22
5442,29
5443,30
5444,20
5445,29
5446,19
5447,19
5448,22
5449,20
5450,26
5451,25
5452,24
5453,22
5454,29
5455,29
5456,52
5457,17
5458,22
5459,24
5460,25
5461,25
5462,27
5463,24
5464,30
5465,29
5466,28
5467,21
5468,25
5469,22
5470,17
5471,23
5472,18
5473,23
5474,18
5475,15
5476,27
5477,29
5478,25
5479,28
5480,26
5481,27
5482,25
5483,36
5484,21
5485,33
5486,23
5487,19
5488,27
5489,20
5490,18
5491,24
5492,21
5493,26
5494,16
5495,31
5496,17
5497,23
5498,25
5499,18
5500,30
5501,31
5502,33
5503,20
5504,29
5505,34
5506,23
5507,19
5508,22
5509,25
5510,24
5511,24
5512,25
5513,21
5514,16
5515,21
5516,19
5517,21
5518,18
5519,29
5520,27
5521,26
5522,30
5523,25
5524,21
5525,23
5526,22
5527,24
5528,27
5529,20
5530,26
5531,29
5532,29
5533,26
5534,25
5535,48
5536,27
5537,25
5538,21
5539,22
5540,24
5541,26
5542,34
5543,14
5544,25
5545,20
5546,20
5547,18
5548,25
5549,30
5550,24
5551,29
5552,17
5553,22
5554,30
5555,27
5556,22
5557,60
5558,21
5559,24
5560,24
5561,20
5562,16
5563,20
5564,24
5565,25
5566,22
5567,23
5568,25
5569,24
5570,22
5571,26
5572,21
5573,23
5574,23
5575,23
5576,26
5577,21
5578,19
5579,26
5580,28
5581,27
5582,22
5583,24
5584,30
5585,20
5586,29
5587,25
5588,22
5589,23
5590,20
5591,22
5592,23
5593,19
5594,16
5595,22
5596,20
5597,17
5598,13
5599,20
5600,23
5601,24
5602,14
5603,20
5604,18
5605,21
5606,34
5607,27
5608,29
5609,22
5610,27
5611,26
5612,12
5613,19
5614,21
5615,27
5616,18
5617,18
5618,24
5619,16
5620,17
5621,18
5622,34
5623,30
5624,20
5625,18
5626,24
5627,21
5628,30
5629,23
5630,18
5631,23
5632,20
5633,20
5634,16
5635,20
5636,17
5637,18
5638,59
5639,13
5640,27
5641,17
5642,18
5643,22
5644,15
5645,31
5646,16
5647,25
5648,27
5649,18
5650,19
5651,24
5652,26
5653,19
5654,21
5655,26
5656,28
5657,27
5658,47
5659,22
5660,23
5661,20
5662,19
5663,26
5664,23
5665,29
5666,26
5667,23
5668,25
5669,23
5670,23
5671,19
5672,20
5673,30
5674,28
5675,24
5676,22
5677,14
5678,24
5679,24
5680,15
5681,24
5682,31
5683,31
5684,20
5685,21
5686,21
5687,27
5688,22
5689,15
5690,25
5691,22
5692,22
5693,26
5694,22
5695,25
5696,21
5697,19
5698,18
5699,26
5700,21
5701,25
5702,23
5703,23
5704,20
5705,23
5706,23
5707,25
5708,30
5709,17
5710,29
5711,17
5712,13
5713,21
5714,20
5715,27
5716,20
5717,26
5718,29
5719,23
5720,20
5721,25
5722,23
5723,19
5724,24
5725,24
5726,19
5727,30
5728,26
5729,19
5730,20
5731,20
5732,27
5733,29
5734,19
5735,26
5736,16
5737,10
5738,17
5739,22
5740,33
5741,55
5742,27
5743,23
5744,28
5745,20
5746,21
5747,26
5748,18
5749,15
5750,21
5751,22
5752,25
5753,28
5754,24
5755,16
5756,26
5757,24
5758,29
5759,42
5760,13
5761,22
5762,26
5763,19
5764,32
5765,28
5766,29
5767,26
5768,20
5769,16
5770,17
5771,19
5772,23
5773,12
5774,16
5775,30
5776,25
5777,16
5778,22
5779,20
5780,21
5781,21
5782,18
5783,27
5784,18
5785,21
5786,29
5787,30
5788,28
5789,20
5790,25
5791,17
5792,22
5793,29
5794,23
5795,37
5796,19
5797,24
5798,27
5799,21
5800,19
5801,19
5802,22
5803,20
5804,29
5805,27
5806,20
5807,20
5808,24
5809,19
5810,21
5811,30
5812,19
5813,24
5814,20
5815,20
5816,27
5817,24
5818,21
5819,21
5820,20
5821,25
5822,23
5823,19
5824,16
5825,13
5826,22
5827,19
5828,29
5829,21
5830,21
5831,22
5832,28
5833,26
5834,29
5835,22
5836,18
5837,20
5838,18
5839,21
5840,23
5841,27
5842,27
5843,31
5844,54
5845,19
5846,28
5847,27
5848,24
5849,26
5850,24
5851,20
5852,28
5853,18
5854,25
5855,22
5856,22
5857,24
5858,30
5859,29
5860,47
5861,23
5862,12
5863,17
5864,26
5865,27
5866,26
5867,32
5868,25
5869,25
5870,23
5871,21
5872,33
5873,32
5874,17
5875,25
5876,28
5877,29
5878,24
5879,29
5880,12
5881,26
5882,17
5883,28
5884,23
5885,23
5886,27
5887,14
5888,33
5889,21
5890,23
5891,21
5892,15
5893,22
5894,17
5895,19
5896,15
5897,22
5898,24
5899,23
5900,21
5901,29
5902,27
5903,34
5904,20
5905,26
5906,25
5907,28
5908,18
5909,18
5910,24
5911,19
5912,25
5913,24
5914,31
5915,25
5916,21
5917,15
5918,17
5919,22
5920,20
5921,23
5922,18
5923,31
5924,29
5925,20
5926,20
5927,23
5928,27
5929,28
5930,25
5931,26
5932,19
5933,22
5934,19
5935,28
5936,21
5937,25
5938,23
5939,22
5940,19
5941,24
5942,30
5943,12
5944,18
5945,24
5946,17
5947,56
5948,28
5949,21
5950,20
5951,17
5952,17
5953,31
5954,21
5955,23
5956,26
5957,24
5958,18
5959,28
5960,29
5961,42
5962,23
5963,30
5964,25
5965,15
5966,23
5967,23
5968,28
5969,28
5970,19
5971,23
5972,24
5973,23
5974,20
5975,25
5976,18
5977,17
5978,16
5979,12
5980,18
5981,23
5982,34
5983,21
5984,25
5985,23
5986,19
5987,26
5988,21
5989,25
5990,20
5991,25
5992,26
5993,26
5994,26
5995,14
5996,32
5997,21
5998,19
5999,26
6000,30
6001,25
6002,24
6003,19
6004,27
6005,22
6006,25
6007,26
6008,32
6009,20
6010,17
6011,23
6012,27
6013,22
6014,23
6015,24
6016,29
6017,31
6018,20
6019,22
6020,26
6021,21
6022,28
6023,22
6024,23
6025,26
6026,17
6027,25
6028,17
6029,18
6030,24
6031,21
6032,22
6033,25
6034,20
6035,20
6036,21
6037,22
6038,30
6039,27
6040,20
6041,19
6042,29
6043,27
6044,17
6045,22
6046,24
6047,21
6048,23
6049,19
6050,56
6051,21
6052,17
6053,22
6054,24
6055,18
6056,29
6057,25
6058,22
6059,21
6060,19
6061,32
6062,37
6063,21
6064,16
6065,21
6066,23
6067,24
6068,33
6069,31
6070,30
6071,18
6072,22
6073,15
6074,21
6075,30
6076,26
6077,20
6078,25
6079,19
6080,33
6081,19
6082,20
6083,31
6084,26
6085,21
6086,21
6087,28
6088,31
6089,22
6090,19
6091,22
6092,19
6093,18
6094,20
6095,18
6096,16
6097,31
6098,24
6099,24
6100,25
6101,22
6102,32
6103,26
6104,20
6105,29
6106,21
6107,24
6108,22
6109,22
6110,16
6111,19
6112,15
6113,32
6114,24
6115,22
6116,24
6117,12
6118,16
6119,27
6120,29
6121,16
6122,21
6123,9
6124,19
6125,28
6126,25
6127,23
6128,25
6129,29
6130,23
6131,21
6132,28
6133,24
6134,34
6135,29
6136,20
6137,32
6138,15
6139,26
6140,20
6141,14
6142,21
6143,23
6144,28
6145,22
6146,27
6147,28
6148,27
6149,23
6150,20
6151,34
6152,26
6153,65
6154,30
6155,28
6156,25
6157,30
6158,29
6159,22
6160,22
6161,13
6162,19
6163,42
6164,25
6165,19
6166,30
6167,24
6168,26
6169,27
6170,30
6171,26
6172,21
6173,27
6174,29
6175,30
6176,20
6177,22
6178,21
6179,30
6180,19
6181,13
6182,28
6183,23
6184,31
6185,21
6186,25
6187,27
6188,28
6189,22
6190,26
6191,21
6192,24
6193,24
6194,22
6195,11
6196,17
6197,27
6198,20
6199,25
6200,22
6201,19
6202,19
6203,18
6204,17
6205,29
6206,27
6207,26
6208,26
6209,24
6210,23
6211,19
6212,22
6213,20
6214,12
6215,22
6216,24
6217,22
6218,25
6219,14
6220,23
6221,19
6222,33
6223,24
6224,22
6225,23
6226,21
6227,29
6228,16
6229,25
6230,24
6231,21
6232,26
6233,23
6234,20
6235,22
6236,26
6237,21
6238,27
6239,27
6240,26
6241,15
6242,31
6243,36
6244,23
6245,15
6246,21
6247,35
6248,26
6249,29
6250,21
6251,24
6252,17
6253,29
6254,18
6255,27
6256,60
6257,28
6258,21
6259,25
6260,27
6261,22
6262,25
6263,19
6264,44
6265,19
6266,29
6267,25
6268,18
6269,30
6270,21
6271,28
6272,28
6273,24
6274,24
6275,27
6276,26
6277,21
6278,27
6279,23
6280,20
6281,32
6282,24
6283,19
6284,26
6285,19
6286,16
6287,27
6288,28
6289,19
6290,22
6291,23
6292,19
6293,21
6294,18
6295,20
6296,16
6297,19
6298,23
6299,18
6300,34
6301,17
6302,27
6303,28
6304,21
6305,32
6306,22
6307,28
6308,28
6309,21
6310,25
6311,12
6312,24
6313,24
6314,23
6315,24
6316,22
6317,22
6318,23
6319,21
6320,21
6321,21
6322,21
6323,18
6324,21
6325,18
6326,18
6327,16
6328,20
6329,22
6330,17
6331,25
6332,23
6333,14
6334,29
6335,30
6336,21
6337,17
6338,26
6339,19
6340,15
6341,27
6342,18
6343,20
6344,17
6345,27
6346,29
6347,18
6348,30
6349,13
6350,23
6351,21
6352,19
6353,23
6354,27
6355,28
6356,26
6357,25
6358,20
6359,56
6360,17
6361,22
6362,22
6363,19
6364,30
6365,45
6366,25
6367,24
6368,18
6369,16
6370,23
6371,24
6372,25
6373,32
6374,22
6375,24
6376,24
6377,23
6378,22
6379,14
6380,25
6381,25
6382,21
6383,14
6384,11
6385,19
6386,33
6387,21
6388,15
6389,27
6390,31
6391,20
6392,23
6393,25
6394,15
6395,28
6396,25
6397,18
6398,25
6399,22
6400,25
6401,20
6402,26
6403,24
6404,31
6405,17
6406,24
6407,33
6408,31
6409,22
6410,29
6411,37
6412,24
6413,32
6414,20
6415,17
6416,23
6417,23
6418,23
6419,25
6420,16
6421,15
6422,24
6423,24
6424,16
6425,19
6426,21
6427,12
6428,25
6429,21
6430,27
6431,24
6432,21
6433,19
6434,23
6435,19
6436,23
6437,16
6438,22
6439,22
6440,21
6441,18
6442,28
6443,19
6444,21
6445,24
6446,30
6447,22
6448,23
6449,24
6450,16
6451,24
6452,20
6453,30
6454,18
6455,28
6456,21
6457,18
6458,19
6459,19
6460,30
6461,23
6462,47
6463,21
6464,21
6465,20
6466,44
6467,26
6468,22
6469,20
6470,19
6471,25
6472,20
6473,19
6474,29
6475,25
6476,28
6477,33
6478,32
6479,21
6480,21
6481,14
6482,21
6483,25
6484,33
6485,24
6486,26
6487,27
6488,24
6489,27
6490,24
6491,27
6492,11
6493,21
6494,29
6495,19
6496,30
6497,17
6498,22
6499,30
6500,17
6501,24
6502,20
6503,14
6504,32
6505,27
6506,23
6507,16
6508,25
6509,26
6510,28
6511,19
6512,27
6513,17
6514,24
6515,16
6516,30
6517,24
6518,27
6519,25
6520,24
6521,24
6522,16
6523,23
6524,24
6525,18
6526,27
6527,24
6528,22
6529,20
6530,24
6531,26
6532,26
6533,23
6534,22
6535,21
6536,16
6537,33
6538,14
6539,16
6540,22
6541,27
6542,36
6543,31
6544,27
6545,30
6546,22
6547,21
6548,30
6549,19
6550,19
6551,23
6552,24
6553,22
6554,21
6555,24
6556,23
6557,17
6558,34
6559,27
6560,27
6561,23
6562,34
6563,20
6564,18
6565,65
6566,23
6567,52
6568,15
6569,16
6570,32
6571,21
6572,23
6573,24
6574,27
6575,22
6576,19
6577,26
6578,21
6579,27
6580,20
6581,30
6582,29
6583,24
6584,18
6585,25
6586,18
6587,35
6588,20
6589,23
6590,20
6591,29
6592,23
6593,13
6594,18
6595,20
6596,32
6597,22
6598,22
6599,19
6600,28
6601,22
6602,18
6603,20
6604,19
6605,21
6606,29
6607,14
6608,18
6609,27
6610,32
6611,17
6612,26
6613,26
6614,21
6615,21
6616,21
6617,27
6618,21
6619,30
6620,28
6621,21
6622,15
6623,17
6624,24
6625,23
6626,36
6627,20
6628,25
6629,16
6630,26
6631,20
6632,32
6633,23
6634,16
6635,23
6636,23
6637,25
6638,27
6639,26
6640,19
6641,25
6642,32
6643,33
6644,19
6645,25
6646,18
6647,17
6648,28
6649,30
6650,25
6651,18
6652,27
6653,24
6654,29
6655,26
6656,21
6657,22
6658,18
6659,21
6660,23
6661,22
6662,21
6663,20
6664,21
6665,20
6666,23
6667,22
6668,270
6669,30
6670,16
6671,26
6672,30
6673,28
6674,16
6675,26
6676,26
6677,20
6678,20
6679,24
6680,23
6681,22
6682,22
6683,21
6684,30
6685,27
6686,15
6687,15
6688,22
6689,30
6690,23
6691,26
6692,20
6693,22
6694,19
6695,26
6696,17
6697,23
6698,25
6699,14
6700,26
6701,28
6702,20
6703,23
6704,23
6705,24
6706,24
6707,25
6708,25
6709,22
6710,27
6711,21
6712,18
6713,19
6714,15
6715,27
6716,18
6717,30
6718,20
6719,19
6720,29
6721,17
6722,21
6723,20
6724,17
6725,24
6726,23
6727,25
6728,26
6729,16
6730,17
6731,26
6732,16
6733,15
6734,16
6735,24
6736,16
6737,27
6738,20
6739,24
6740,12
6741,24
6742,26
6743,29
6744,23
6745,20
6746,18
6747,19
6748,21
6749,29
6750,30
6751,20
6752,26
6753,22
6754,27
6755,16
6756,15
6757,24
6758,16
6759,12
6760,17
6761,22
6762,26
6763,18
6764,29
6765,26
6766,28
6767,15
6768,18
6769,48
6770,28
6771,55
6772,21
6773,23
6774,24
6775,24
6776,24
6777,27
6778,24
6779,11
6780,22
6781,17
6782,20
6783,25
6784,23
6785,21
6786,30
6787,25
6788,24
6789,21
6790,21
6791,31
6792,30
6793,31
6794,24
6795,27
6796,26
6797,20
6798,24
6799,24
6800,22
6801,24
6802,18
6803,24
6804,16
6805,22
6806,28
6807,24
6808,20
6809,23
6810,23
6811,32
6812,30
6813,19
6814,24
6815,29
6816,24
6817,32
6818,20
6819,22
6820,20
6821,20
6822,23
6823,19
6824,19
6825,28
6826,22
6827,21
6828,26
6829,19
6830,21
6831,20
6832,26
6833,20
6834,20
6835,22
6836,22
6837,20
6838,25
6839,30
6840,19
6841,22
6842,21
6843,23
6844,26
6845,32
6846,31
6847,18
6848,25
6849,20
6850,26
6851,30
6852,21
6853,19
6854,15
6855,33
6856,27
6857,22
6858,32
6859,20
6860,24
6861,22
6862,23
6863,24
6864,27
6865,18
6866,27
6867,20
6868,22
6869,22
6870,37
6871,24
6872,20
6873,24
6874,56
6875,28
6876,18
6877,21
6878,26
6879,23
6880,17
6881,29
6882,21
6883,16
6884,14
6885,19
6886,31
6887,36
6888,24
6889,17
6890,26
6891,29
6892,20
6893,19
6894,28
6895,25
6896,23
6897,23
6898,24
6899,23
6900,29
6901,32
6902,15
6903,25
6904,13
6905,19
6906,23
6907,19
6908,19
6909,18
6910,18
6911,23
6912,25
6913,28
6914,22
6915,19
6916,18
6917,22
6918,14
6919,25
6920,20
6921,20
6922,16
6923,22
6924,25
6925,23
6926,29
6927,17
6928,22
6929,29
6930,27
6931,20
6932,23
6933,28
6934,25
6935,23
6936,23
6937,22
6938,23
6939,15
6940,28
6941,22
6942,31
6943,29
6944,20
6945,26
6946,25
6947,23
6948,16
6949,25
6950,21
6951,27
6952,18
6953,21
6954,25
6955,23
6956,25
6957,20
6958,25
6959,21
6960,18
6961,21
6962,24
6963,20
6964,20
6965,25
6966,22
6967,20
6968,18
6969,11
6970,27
6971,48
6972,28
6973,16
6974,22
6975,27
6976,25
6977,51
6978,29
6979,24
6980,23
6981,23
6982,25
6983,20
6984,27
6985,17
6986,22
6987,20
6988,21
6989,23
6990,24
6991,27
6992,32
6993,26
6994,26
6995,28
6996,17
6997,19
6998,20
6999,31
7000,20
7001,11
7002,32
7003,27
7004,22
7005,17
7006,36
7007,22
7008,22
7009,18
7010,21
7011,20
7012,23
7013,30
7014,21
7015,25
7016,30
7017,27
7018,23
7019,19
7020,16
7021,24
7022,17
7023,16
7024,19
7025,19
7026,17
7027,26
7028,29
7029,29
7030,16
7031,30
7032,17
7033,19
7034,20
7035,21
7036,18
7037,22
7038,21
7039,21
7040,22
7041,19
7042,29
7043,18
7044,26
7045,24
7046,21
7047,22
7048,23
7049,29
7050,14
7051,24
7052,24
7053,23
7054,19
7055,20
7056,21
7057,19
7058,20
7059,19
7060,19
7061,24
7062,13
7063,32
7064,25
7065,15
7066,25
7067,34
7068,25
7069,21
7070,14
7071,20
7072,46
7073,25
7074,16
7075,21
7076,21
7077,25
7078,21
7079,22
7080,59
7081,33
7082,28
7083,20
7084,30
7085,20
7086,24
7087,25
7088,22
7089,18
7090,25
7091,27
7092,26
7093,22
7094,19
7095,23
7096,32
7097,23
7098,11
7099,27
7100,20
7101,32
7102,22
7103,20
7104,32
7105,27
7106,30
7107,19
7108,18
7109,22
7110,26
7111,22
7112,22
7113,22
7114,20
7115,26
7116,18
7117,26
7118,32
7119,26
7120,18
7121,20
7122,19
7123,21
7124,19
7125,18
7126,25
7127,22
7128,30
7129,22
7130,20
7131,18
7132,21
7133,15
7134,23
7135,23
7136,16
7137,22
7138,17
7139,16
7140,22
7141,17
7142,12
7143,26
7144,24
7145,18
7146,21
7147,32
7148,29
7149,31
7150,23
7151,19
7152,22
7153,21
7154,14
7155,29
7156,26
7157,29
7158,26
7159,23
7160,26
7161,26
7162,18
7163,20
7164,19
7165,20
7166,22
7167,32
7168,20
7169,23
7170,30
7171,21
7172,16
7173,50
7174,25
7175,18
7176,18
7177,20
7178,23
7179,22
7180,23
7181,32
7182,20
7183,47
7184,14
7185,26
7186,23
7187,21
7188,14
7189,27
7190,20
7191,23
7192,26
7193,20
7194,23
7195,23
7196,25
7197,24
7198,24
7199,31
7200,28
7201,17
7202,27
7203,22
7204,21
7205,22
7206,25
7207,23
7208,21
7209,25
7210,21
7211,20
7212,36
7213,29
7214,19
7215,26
7216,22
7217,28
7218,17
7219,12
7220,22
7221,19
7222,21
7223,15
7224,21
7225,18
7226,16
7227,21
7228,24
7229,19
7230,31
7231,25
7232,26
7233,21
7234,14
7235,22
7236,26
7237,26
7238,24
7239,25
7240,29
7241,30
7242,31
7243,30
7244,28
7245,21
7246,26
7247,20
7248,24
7249,16
7250,26
7251,20
7252,21
7253,26
7254,32
7255,18
7256,24
7257,18
7258,21
7259,31
7260,23
7261,24
7262,24
7263,25
7264,26
7265,22
7266,26
7267,21
7268,22
7269,29
7270,23
7271,26
7272,26
7273,23
7274,46
7275,19
7276,29
7277,21
7278,20
7279,17
7280,21
7281,21
7282,34
7283,23
7284,31
7285,23
7286,52
7287,16
7288,22
7289,26
7290,23
7291,30
7292,20
7293,31
7294,16
7295,26
7296,16
7297,22
7298,22
7299,21
7300,27
7301,20
7302,23
7303,28
7304,24
7305,16
7306,18
7307,28
7308,26
7309,14
7310,23
7311,22
7312,18
7313,26
7314,21
7315,26
7316,23
7317,22
7318,22
7319,26
7320,25
7321,23
7322,25
7323,14
7324,20
7325,20
7326,25
7327,27
7328,24
7329,19
7330,27
7331,18
7332,22
7333,27
7334,27
7335,19
7336,17
7337,22
7338,19
7339,27
7340,30
7341,22
7342,24
7343,27
7344,24
7345,19
7346,25
7347,26
7348,23
7349,25
7350,21
7351,28
7352,16
7353,21
7354,24
7355,19
7356,26
7357,17
7358,24
7359,14
7360,21
7361,24
7362,27
7363,23
7364,14
7365,23
7366,30
7367,28
7368,17
7369,27
7370,27
7371,20
7372,23
7373,21
7374,15
7375,44
7376,22
7377,25
7378,25
7379,26
7380,24
7381,16
7382,15
7383,28
7384,23
7385,26
7386,18
7387,23
7388,20
7389,55
7390,25
7391,27
7392,34
7393,22
7394,20
7395,17
7396,28
7397,20
7398,23
7399,27
7400,24
7401,19
7402,23
7403,23
7404,27
7405,26
7406,22
7407,20
7408,25
7409,21
7410,20
7411,27
7412,19
7413,28
7414,27
7415,27
7416,19
7417,29
7418,28
7419,19
7420,16
7421,23
7422,26
7423,32
7424,11
7425,35
7426,26
7427,13
7428,15
7429,29
7430,18
7431,18
7432,17
7433,14
7434,25
7435,16
7436,25
7437,28
7438,22
7439,21
7440,19
7441,27
7442,24
7443,27
7444,17
7445,25
7446,26
7447,27
7448,22
7449,27
7450,24
7451,21
7452,34
7453,22
7454,20
7455,16
7456,27
7457,22
7458,24
7459,29
7460,30
7461,23
7462,20
7463,21
7464,24
7465,22
7466,24
7467,19
7468,21
7469,30
7470,21
7471,28
7472,26
7473,23
7474,19
7475,25
7476,47
7477,23
7478,20
7479,18
7480,29
7481,23
7482,26
7483,22
7484,16
7485,23
7486,17
7487,27
7488,29
7489,20
7490,25
7491,17
7492,52
7493,23
7494,21
7495,12
7496,17
7497,18
7498,24
7499,17
7500,28
7501,22
7502,26
7503,18
7504,26
7505,23
7506,19
7507,21
7508,38
7509,27
7510,27
7511,39
7512,18
7513,20
7514,26
7515,28
7516,19
7517,29
7518,23
7519,24
7520,22
7521,20
7522,26
7523,20
7524,26
7525,20
7526,27
7527,28
7528,19
7529,23
7530,14
7531,20
7532,21
7533,18
7534,20
7535,29
7536,24
7537,19
7538,25
7539,26
7540,20
7541,20
7542,14
7543,18
7544,24
7545,22
7546,29
7547,28
7548,27
7549,24
7550,11
7551,27
7552,16
7553,22
7554,14
7555,19
7556,22
7557,22
7558,11
7559,19
7560,24
7561,28
7562,23
7563,22
7564,24
7565,21
7566,29
7567,23
7568,28
7569,22
7570,24
7571,21
7572,35
7573,21
7574,24
7575,12
7576,19
7577,41
7578,17
7579,38
7580,23
7581,22
7582,23
7583,19
7584,20
7585,33
7586,22
7587,18
7588,26
7589,19
7590,25
7591,27
7592,21
7593,30
7594,34
7595,50
7596,20
7597,26
7598,26
7599,15
7600,26
7601,19
7602,23
7603,13
7604,24
7605,20
7606,36
7607,15
7608,26
7609,17
7610,15
7611,27
7612,27
7613,25
7614,17
7615,27
7616,30
7617,24
7618,24
7619,21
7620,21
7621,31
7622,26
7623,19
7624,19
7625,18
7626,28
7627,23
7628,28
7629,25
7630,20
7631,23
7632,21
7633,25
7634,24
7635,24
7636,19
7637,22
7638,20
7639,24
7640,26
7641,18
7642,25
7643,18
7644,21
7645,23
7646,28
7647,12
7648,24
7649,26
7650,26
7651,24
7652,28
7653,19
7654,21
7655,16
7656,25
7657,13
7658,25
7659,26
7660,25
7661,28
7662,22
7663,27
7664,29
7665,22
7666,22
7667,31
7668,18
7669,15
7670,22
7671,27
7672,25
7673,24
7674,28
7675,21
7676,17
7677,18
7678,45
7679,18
7680,16
7681,18
7682,28
7683,21
7684,20
7685,16
7686,26
7687,22
7688,28
7689,30
7690,26
7691,27
7692,20
7693,25
7694,17
7695,35
7696,23
7697,24
7698,45
7699,18
7700,19
7701,32
7702,19
7703,20
7704,27
7705,16
7706,27
7707,25
7708,25
7709,27
7710,17
7711,27
7712,18
7713,26
7714,23
7715,31
7716,18
7717,24
7718,23
7719,29
7720,26
7721,31
7722,22
7723,29
7724,23
7725,12
7726,15
7727,23
7728,21
7729,20
7730,18
7731,25
7732,21
7733,18
7734,22
7735,17
7736,12
7737,16
7738,18
7739,19
7740,25
7741,23
7742,16
7743,22
7744,27
7745,28
7746,22
7747,19
7748,27
7749,23
7750,25
7751,26
7752,23
7753,27
7754,25
7755,30
7756,19
7757,20
7758,16
7759,17
7760,17
7761,28
7762,31
7763,16
7764,28
7765,18
7766,19
7767,17
7768,22
7769,25
7770,27
7771,22
7772,18
7773,22
7774,31
7775,28
7776,17
7777,28
7778,20
7779,50
7780,21
7781,21
7782,17
7783,19
7784,24
7785,29
7786,23
7787,24
7788,27
7789,22
7790,20
7791,22
7792,28
7793,25
7794,22
7795,20
7796,29
7797,16
7798,15
7799,25
7800,21
7801,63
7802,15
7803,31
7804,21
7805,28
7806,23
7807,24
7808,19
7809,20
7810,11
7811,27
7812,16
7813,19
7814,28
7815,20
7816,29
7817,32
7818,25
7819,25
7820,21
7821,25
7822,23
7823,38
7824,27
7825,22
7826,19
7827,25
7828,23
7829,19
7830,20
7831,20
7832,15
7833,29
7834,30
7835,18
7836,20
7837,21
7838,21
7839,23
7840,23
7841,30
7842,22
7843,20
7844,19
7845,20
7846,25
7847,19
7848,17
7849,28
7850,18
7851,27
7852,23
7853,18
7854,23
7855,28
7856,25
7857,19
7858,23
7859,24
7860,15
7861,22
7862,23
7863,21
7864,30
7865,25
7866,24
7867,28
7868,24
7869,13
7870,25
7871,23
7872,19
7873,21
7874,22
7875,27
7876,31
7877,24
7878,30
7879,25
7880,56
7881,20
7882,30
7883,26
7884,17
7885,31
7886,19
7887,18
7888,20
7889,24
7890,21
7891,24
7892,26
7893,32
7894,22
7895,30
7896,25
7897,19
7898,24
7899,21
7900,21
7901,31
7902,29
7903,25
7904,62
7905,25
7906,22
7907,21
7908,27
7909,24
7910,25
7911,19
7912,22
7913,28
7914,23
7915,23
7916,17
7917,22
7918,29
7919,26
7920,22
7921,18
7922,28
7923,25
7924,25
7925,17
7926,19
7927,19
7928,26
7929,23
7930,13
7931,20
7932,20
7933,17
7934,20
7935,22
7936,17
7937,17
7938,21
7939,18
7940,20
7941,31
7942,25
7943,18
7944,23
7945,30
7946,25
7947,22
7948,25
7949,19
7950,29
7951,33
7952,23
7953,19
7954,16
7955,21
7956,21
7957,27
7958,20
7959,24
7960,22
7961,21
7962,20
7963,20
7964,24
7965,19
7966,16
7967,20
7968,21
7969,25
7970,13
7971,18
7972,21
7973,35
7974,22
7975,26
7976,23
7977,15
7978,26
7979,23
7980,27
7981,54
7982,24
7983,27
7984,42
7985,20
7986,22
7987,25
7988,22
7989,21
7990,18
7991,33
7992,15
7993,16
7994,22
7995,23
7996,22
7997,21
7998,22
7999,18
8000,24
8001,21
8002,27
8003,31
8004,19
8005,24
8006,20
8007,57
8008,20
8009,22
8010,26
8011,17
8012,22
8013,22
8014,21
8015,25
8016,14
8017,21
8018,26
8019,26
8020,18
8021,19
8022,23
8023,27
8024,27
8025,24
8026,22
8027,17
8028,22
8029,19
8030,17
8031,30
8032,25
8033,15
8034,20
8035,18
8036,32
8037,19
8038,24
8039,22
8040,22
8041,26
8042,19
8043,14
8044,19
8045,22
8046,25
8047,26
8048,29
8049,25
8050,23
8051,15
8052,25
8053,22
8054,13
8055,28
8056,26
8057,22
8058,27
8059,23
8060,28
8061,19
8062,19
8063,19
8064,25
8065,24
8066,15
8067,15
8068,18
8069,15
8070,22
8071,20
8072,29
8073,19
8074,28
8075,21
8076,29
8077,28
8078,19
8079,26
8080,18
8081,22
8082,35
8083,21
8084,17
8085,18
8086,18
8087,23
8088,18
8089,23
8090,18
8091,27
8092,22
8093,19
8094,17
8095,19
8096,26
8097,22
8098,24
8099,23
8100,29
8101,20
8102,27
8103,25
8104,20
8105,27
8106,22
8107,21
8108,28
8109,17
8110,59
8111,22
8112,15
8113,19
8114,14
8115,19
8116,21
8117,23
8118,25
8119,31
8120,28
8121,31
8122,22
8123,28
8124,32
8125,26
8126,29
8127,18
8128,22
8129,26
8130,23
8131,26
8132,24
8133,21
8134,26
8135,18
8136,24
8137,34
8138,28
8139,20
8140,18
8141,22
8142,18
8143,21
8144,26
8145,27
8146,17
8147,28
8148,15
8149,15
8150,24
8151,20
8152,18
8153,25
8154,19
8155,23
8156,25
8157,20
8158,25
8159,24
8160,21
8161,26
8162,24
8163,24
8164,32
8165,20
8166,24
8167,23
8168,15
8169,23
8170,29
8171,24
8172,12
8173,14
8174,19
8175,25
8176,29
8177,19
8178,26
8179,21
8180,18
8181,26
8182,17
8183,48
8184,25
8185,16
8186,32
8187,26
8188,20
8189,20
8190,24
8191,22
8192,23
8193,26
8194,24
8195,30
8196,18
8197,22
8198,25
8199,19
8200,17
8201,21
8202,25
8203,27
8204,21
8205,23
8206,26
8207,24
8208,21
8209,39
8210,29
8211,21
8212,28
8213,67
8214,24
8215,22
8216,24
8217,16
8218,30
8219,22
8220,20
8221,27
8222,27
8223,27
8224,26
8225,21
8226,36
8227,29
8228,29
8229,37
8230,30
8231,23
8232,17
8233,23
8234,19
8235,35
8236,23
8237,30
8238,19
8239,21
8240,25
8241,27
8242,24
8243,26
8244,21
8245,24
8246,17
8247,28
8248,29
8249,21
8250,23
8251,23
8252,19
8253,19
8254,25
8255,24
8256,30
8257,18
8258,21
8259,28
8260,27
8261,23
8262,22
8263,27
8264,24
8265,28
8266,19
8267,22
8268,21
8269,26
8270,21
8271,16
8272,18
8273,18
8274,16
8275,15
8276,24
8277,23
8278,24
8279,23
8280,26
8281,15
8282,23
8283,24
8284,39
8285,25
8286,18
8287,22
8288,25
8289,25
8290,37
8291,31
8292,21
8293,34
8294,23
8295,23
8296,17
8297,27
8298,20
8299,22
8300,29
8301,30
8302,25
8303,16
8304,21
8305,16
8306,32
8307,20
8308,29
8309,25
8310,21
8311,28
8312,22
8313,18
8314,29
8315,21
8316,64
8317,19
8318,18
8319,15
8320,25
8321,16
8322,28
8323,28
8324,23
8325,23
8326,24
8327,26
8328,19
8329,25
8330,29
8331,22
8332,19
8333,26
8334,19
8335,19
8336,17
8337,20
8338,24
8339,24
8340,22
8341,15
8342,15
8343,25
8344,15
8345,24
8346,24
8347,23
8348,25
8349,24
8350,27
8351,22
8352,26
8353,23
8354,22
8355,21
8356,18
8357,23
8358,29
8359,18
8360,19
8361,16
8362,19
8363,25
8364,24
8365,21
8366,17
8367,25
8368,22
8369,17
8370,31
8371,9
8372,25
8373,24
8374,25
8375,24
8376,18
8377,21
8378,22
8379,19
8380,24
8381,33
8382,29
8383,30
8384,26
8385,48
8386,20
8387,20
8388,31
8389,19
8390,22
8391,16
8392,31
8393,20
8394,16
8395,23
8396,21
8397,21
8398,15
8399,25
8400,22
8401,33
8402,25
8403,33
8404,23
8405,21
8406,25
8407,27
8408,24
8409,28
8410,33
8411,18
8412,20
8413,22
8414,27
8415,26
8416,18
8417,30
8418,23
8419,57
8420,20
8421,30
8422,23
8423,23
8424,17
8425,22
8426,23
8427,26
8428,27
8429,18
8430,32
8431,22
8432,29
8433,28
8434,26
8435,24
8436,24
8437,22
8438,22
8439,26
8440,20
8441,25
8442,24
8443,25
8444,21
8445,15
8446,26
8447,17
8448,25
8449,20
8450,28
8451,25
8452,27
8453,28
8454,20
8455,28
8456,28
8457,15
8458,23
8459,21
8460,25
8461,19
8462,21
8463,18
8464,27
8465,31
8466,21
8467,21
8468,17
8469,24
8470,27
8471,27
8472,21
8473,22
8474,24
8475,23
8476,20
8477,27
8478,23
8479,31
8480,21
8481,27
8482,21
8483,23
8484,27
8485,19
8486,44
8487,27
8488,22
8489,25
8490,23
8491,23
8492,20
8493,17
8494,30
8495,28
8496,24
8497,20
8498,25
8499,17
8500,25
8501,24
8502,23
8503,30
8504,23
8505,23
8506,29
8507,18
8508,21
8509,21
8510,25
8511,22
8512,22
8513,35
8514,15
8515,18
8516,21
8517,21
8518,24
8519,20
8520,16
8521,28
8522,47
8523,24
8524,22
8525,21
8526,25
8527,23
8528,24
8529,33
8530,23
8531,26
8532,27
8533,28
8534,21
8535,24
8536,25
8537,26
8538,20
8539,23
8540,29
8541,14
8542,16
8543,17
8544,16
8545,30
8546,21
8547,23
8548,24
8549,23
8550,19
8551,24
8552,27
8553,25
8554,27
8555,28
8556,23
8557,25
8558,22
8559,18
8560,21
8561,19
8562,24
8563,22
8564,29
8565,18
8566,30
8567,21
8568,30
8569,28
8570,24
8571,20
8572,15
8573,17
8574,24
8575,26
8576,23
8577,18
8578,19
8579,30
8580,27
8581,16
8582,14
8583,21
8584,27
8585,22
8586,30
8587,40
8588,23
8589,20
8590,19
8591,25
8592,21
8593,26
8594,26
8595,24
8596,30
8597,20
8598,16
8599,20
8600,18
8601,22
8602,23
8603,22
8604,18
8605,20
8606,23
8607,22
8608,24
8609,27
8610,23
8611,26
8612,27
8613,23
8614,27
8615,23
8616,29
8617,20
8618,26
8619,23
8620,23
8621,24
8622,23
8623,24
8624,27
8625,60
8626,22
8627,21
8628,18
8629,26
8630,19
8631,26
8632,32
8633,22
8634,28
8635,24
8636,20
8637,18
8638,29
8639,20
8640,24
8641,26
8642,24
8643,25
8644,14
8645,26
8646,21
8647,32
8648,23
8649,23
8650,27
8651,18
8652,18
8653,20
8654,19
8655,26
8656,22
8657,19
8658,22
8659,34
8660,17
8661,22
8662,20
8663,16
8664,14
8665,15
8666,19
8667,28
8668,17
8669,24
8670,26
8671,27
8672,24
8673,15
8674,22
8675,29
8676,21
8677,22
8678,23
8679,34
8680,21
8681,22
8682,27
8683,22
8684,22
8685,33
8686,17
8687,25
8688,38
8689,19
8690,22
8691,27
8692,17
8693,12
8694,27
8695,20
8696,27
8697,23
8698,26
8699,28
8700,29
8701,30
8702,25
8703,30
8704,24
8705,27
8706,31
8707,19
8708,22
8709,27
8710,14
8711,23
8712,35
8713,24
8714,31
8715,22
8716,23
8717,22
8718,21
8719,33
8720,23
8721,30
8722,30
8723,19
8724,25
8725,29
8726,26
8727,30
8728,51
8729,23
8730,21
8731,27
8732,20
8733,16
8734,20
8735,16
8736,23
8737,20
8738,23
8739,21
8740,16
8741,26
8742,23
8743,23
8744,21
8745,17
8746,19
8747,24
8748,20
8749,22
8750,26
8751,28
8752,18
8753,19
8754,25
8755,20
8756,27
8757,22
8758,23
8759,18
8760,23
8761,30
8762,31
8763,21
8764,25
8765,18
8766,25
8767,17
8768,25
8769,29
8770,19
8771,31
8772,19
8773,26
8774,19
8775,15
8776,25
8777,22
8778,17
8779,29
8780,23
8781,26
8782,27
8783,29
8784,28
8785,28
8786,24
8787,30
8788,16
8789,45
8790,24
8791,32
8792,24
8793,11
8794,20
8795,20
8796,22
8797,22
8798,25
8799,23
8800,32
8801,22
8802,26
8803,17
8804,20
8805,24
8806,30
8807,24
8808,26
8809,20
8810,19
8811,26
8812,18
8813,33
8814,13
8815,26
8816,22
8817,25
8818,26
8819,25
8820,20
8821,28
8822,24
8823,22
8824,21
8825,21
8826,27
8827,21
8828,26
8829,24
8830,25
8831,51
8832,26
8833,20
8834,26
8835,17
8836,17
8837,27
8838,27
8839,22
8840,22
8841,22
8842,22
8843,25
8844,33
8845,17
8846,26
8847,21
8848,19
8849,24
8850,17
8851,18
8852,15
8853,23
8854,16
8855,28
8856,24
8857,17
8858,21
8859,28
8860,20
8861,23
8862,25
8863,17
8864,23
8865,22
8866,18
8867,23
8868,20
8869,29
8870,18
8871,30
8872,24
8873,18
8874,23
8875,17
8876,22
8877,14
8878,24
8879,33
8880,24
8881,22
8882,19
8883,22
8884,22
8885,19
8886,27
8887,22
8888,24
8889,25
8890,49
8891,21
8892,20
8893,21
8894,22
8895,23
8896,16
8897,24
8898,31
8899,22
8900,28
8901,21
8902,28
8903,20
8904,16
8905,28
8906,25
8907,25
8908,15
8909,21
8910,24
8911,24
8912,24
8913,28
8914,22
8915,14
8916,21
8917,22
8918,27
8919,23
8920,22
8921,19
8922,23
8923,19
8924,25
8925,26
8926,24
8927,21
8928,27
8929,24
8930,21
8931,19
8932,24
8933,23
8934,57
8935,22
8936,19
8937,19
8938,15
8939,24
8940,21
8941,14
8942,16
8943,24
8944,22
8945,21
8946,26
8947,26
8948,30
8949,19
8950,22
8951,23
8952,21
8953,31
8954,22
8955,26
8956,20
8957,19
8958,25
8959,14
8960,19
8961,23
8962,21
8963,27
8964,18
8965,27
8966,18
8967,25
8968,24
8969,22
8970,16
8971,29
8972,27
8973,28
8974,28
8975,20
8976,21
8977,18
8978,23
8979,32
8980,20
8981,24
8982,20
8983,19
8984,14
8985,15
8986,24
8987,16
8988,21
8989,16
8990,22
8991,50
8992,23
8993,15
8994,15
8995,25
8996,20
8997,27
8998,20
8999,21
9000,18
9001,27
9002,22
9003,23
9004,25
9005,20
9006,24
9007,22
9008,32
9009,22
9010,20
9011,28
9012,22
9013,26
9014,21
9015,33
9016,25
9017,30
9018,17
9019,18
9020,19
9021,24
9022,16
9023,21
9024,20
9025,19
9026,26
9027,25
9028,17
9029,25
9030,32
9031,26
9032,17
9033,17
9034,16
9035,20
9036,23
9037,62
9038,21
9039,15
9040,16
9041,22
9042,24
9043,27
9044,22
9045,26
9046,27
9047,20
9048,24
9049,26
9050,20
9051,25
9052,23
9053,23
9054,32
9055,22
9056,27
9057,19
9058,25
9059,23
9060,18
9061,28
9062,20
9063,31
9064,28
9065,17
9066,16
9067,31
9068,25
9069,24
9070,17
9071,32
9072,24
9073,26
9074,17
9075,33
9076,25
9077,26
9078,20
9079,25
9080,21
9081,27
9082,22
9083,22
9084,24
9085,21
9086,27
9087,22
9088,24
9089,26
9090,14
9091,18
9092,47
9093,24
9094,33
9095,24
9096,28
9097,20
9098,23
9099,21
9100,23
9101,20
9102,15
9103,26
9104,12
9105,21
9106,24
9107,26
9108,28
9109,27
9110,26
9111,23
9112,29
9113,19
9114,22
9115,19
9116,26
9117,15
9118,20
9119,17
9120,21
9121,17
9122,32
9123,32
9124,32
9125,26
9126,21
9127,24
9128,18
9129,14
9130,27
9131,23
9132,20
9133,23
9134,22
9135,19
9136,26
9137,22
9138,25
9139,18
9140,60
9141,19
9142,30
9143,19
9144,24
9145,22
9146,26
9147,25
9148,23
9149,19
9150,24
9151,17
9152,15
9153,31
9154,18
9155,19
9156,22
9157,22
9158,19
9159,19
9160,15
9161,32
9162,17
9163,18
9164,21
9165,24
9166,17
9167,23
9168,20
9169,30
9170,19
9171,23
9172,25
9173,24
9174,29
9175,30
9176,22
9177,15
9178,19
9179,20
9180,24
9181,30
9182,20
9183,25
9184,33
9185,22
9186,30
9187,31
9188,21
9189,22
9190,16
9191,28
9192,29
9193,43
9194,23
9195,13
9196,27
9197,33
9198,24
9199,22
9200,29
9201,22
9202,20
9203,18
9204,17
9205,25
9206,20
9207,20
9208,31
9209,21
9210,22
9211,20
9212,13
9213,22
9214,21
9215,22
9216,27
9217,22
9218,22
9219,22
9220,18
9221,30
9222,30
9223,24
9224,11
9225,20
9226,22
9227,22
9228,22
9229,18
9230,19
9231,26
9232,20
9233,19
9234,21
9235,15
9236,24
9237,24
9238,22
9239,25
9240,25
9241,24
9242,18
9243,66
9244,22
9245,23
9246,27
9247,18
9248,17
9249,27
9250,17
9251,19
9252,22
9253,18
9254,23
9255,24
9256,23
9257,26
9258,31
9259,30
9260,33
9261,18
9262,20
9263,21
9264,24
9265,28
9266,20
9267,29
9268,34
9269,25
9270,26
9271,19
9272,23
9273,15
9274,25
9275,21
9276,26
9277,23
9278,23
9279,25
9280,20
9281,23
9282,30
9283,20
9284,22
9285,23
9286,20
9287,22
9288,16
9289,23
9290,15
9291,23
9292,21
9293,28
9294,52
9295,29
9296,25
9297,24
9298,31
9299,28
9300,25
9301,24
9302,19
9303,14
9304,26
9305,20
9306,19
9307,17
9308,18
9309,16
9310,20
9311,30
9312,17
9313,23
9314,22
9315,23
9316,27
9317,23
9318,26
9319,17
9320,22
9321,20
9322,23
9323,21
9324,25
9325,15
9326,20
9327,24
9328,23
9329,24
9330,32
9331,22
9332,22
9333,14
9334,22
9335,11
9336,25
9337,32
9338,24
9339,23
9340,32
9341,26
9342,22
9343,31
9344,33
9345,26
9346,42
9347,19
9348,10
9349,22
9350,20
9351,16
9352,24
9353,30
9354,16
9355,29
9356,24
9357,24
9358,28
9359,18
9360,20
9361,31
9362,21
9363,23
9364,31
9365,29
9366,21
9367,14
9368,25
9369,32
9370,30
9371,16
9372,22
9373,21
9374,25
9375,25
9376,24
9377,17
9378,30
9379,23
9380,21
9381,27
9382,23
9383,26
9384,20
9385,19
9386,17
9387,29
9388,22
9389,26
9390,28
9391,31
9392,28
9393,25
9394,23
9395,41
9396,35
9397,21
9398,19
9399,22
9400,24
9401,23
9402,21
9403,22
9404,22
9405,14
9406,18
9407,26
9408,22
9409,28
9410,16
9411,30
9412,29
9413,16
9414,29
9415,30
9416,23
9417,19
9418,18
9419,26
9420,19
9421,21
9422,28
9423,19
9424,18
9425,27
9426,19
9427,23
9428,20
9429,26
9430,20
9431,21
9432,27
9433,21
9434,22
9435,19
9436,26
9437,18
9438,23
9439,21
9440,29
9441,24
9442,23
9443,24
9444,25
9445,22
9446,20
9447,23
9448,25
9449,61
9450,19
9451,25
9452,16
9453,19
9454,17
9455,21
9456,31
9457,14
9458,20
9459,27
9460,15
9461,22
9462,24
9463,24
9464,14
9465,22
9466,27
9467,23
9468,21
9469,19
9470,31
9471,17
9472,18
9473,20
9474,27
9475,23
9476,26
9477,21
9478,26
9479,22
9480,22
9481,22
9482,24
9483,24
9484,28
9485,23
9486,15
9487,20
9488,21
9489,21
9490,25
9491,20
9492,26
9493,31
9494,20
9495,26
9496,49
9497,19
9498,20
9499,25
9500,19
9501,27
9502,20
9503,30
9504,27
9505,17
9506,26
9507,26
9508,20
9509,26
9510,18
9511,23
9512,22
9513,24
9514,17
9515,15
9516,18
9517,24
9518,23
9519,21
9520,25
9521,31
9522,20
9523,29
9524,17
9525,21
9526,24
9527,21
9528,20
9529,22
9530,19
9531,25
9532,31
9533,37
9534,28
9535,17
9536,21
9537,25
9538,25
9539,19
9540,18
9541,25
9542,17
9543,20
9544,25
9545,22
9546,20
9547,21
9548,15
9549,25
9550,26
9551,21
9552,47
9553,16
9554,18
9555,20
9556,18
9557,20
9558,18
9559,29
9560,31
9561,24
9562,15
9563,26
9564,19
9565,24
9566,15
9567,22
9568,18
9569,28
9570,22
9571,20
9572,20
9573,20
9574,21
9575,19
9576,20
9577,26
9578,20
9579,21
9580,22
9581,21
9582,28
9583,18
9584,19
9585,28
9586,22
9587,20
9588,24
9589,21
9590,23
9591,17
9592,19
9593,24
9594,19
9595,27
9596,28
9597,45
9598,17
9599,23
9600,20
9601,26
9602,13
9603,22
9604,33
9605,23
9606,21
9607,23
9608,22
9609,32
9610,24
9611,16
9612,15
9613,22
9614,26
9615,14
9616,19
9617,18
9618,20
9619,24
9620,20
9621,26
9622,20
9623,16
9624,30
9625,20
9626,25
9627,22
9628,18
9629,30
9630,25
9631,24
9632,17
9633,25
9634,18
9635,29
9636,19
9637,19
9638,21
9639,30
9640,29
9641,23
9642,23
9643,28
9644,30
9645,20
9646,21
9647,20
9648,22
9649,25
9650,18
9651,24
9652,25
9653,23
9654,13
9655,47
9656,25
9657,22
9658,23
9659,19
9660,20
9661,19
9662,17
9663,15
9664,22
9665,20
9666,21
9667,23
9668,30
9669,22
9670,30
9671,21
9672,18
9673,22
9674,21
9675,19
9676,26
9677,22
9678,24
9679,23
9680,25
9681,28
9682,23
9683,22
9684,28
9685,28
9686,23
9687,22
9688,21
9689,22
9690,27
9691,18
9692,19
9693,22
9694,26
9695,30
9696,20
9697,22
9698,50
9699,26
9700,27
9701,16
9702,27
9703,19
9704,27
9705,29
9706,25
9707,29
9708,34
9709,23
9710,17
9711,27
9712,22
9713,29
9714,19
9715,23
9716,20
9717,22
9718,18
9719,25
9720,21
9721,22
9722,23
9723,24
9724,28
9725,24
9726,26
9727,30
9728,15
9729,20
9730,26
9731,20
9732,27
9733,24
9734,29
9735,25
9736,20
9737,20
9738,19
9739,21
9740,16
9741,20
9742,28
9743,20
9744,28
9745,17
9746,27
9747,23
9748,17
9749,25
9750,21
9751,25
9752,23
9753,27
9754,30
9755,17
9756,24
9757,20
9758,59
9759,29
9760,21
9761,31
9762,21
9763,22
9764,19
9765,19
9766,23
9767,20
9768,26
9769,25
9770,28
9771,17
9772,15
9773,25
9774,28
9775,25
9776,20
9777,22
9778,30
9779,22
9780,21
9781,27
9782,17
9783,24
9784,27
9785,23
9786,24
9787,35
9788,18
9789,20
9790,16
9791,23
9792,26
9793,23
9794,29
9795,17
9796,23
9797,21
9798,31
9799,51
9800,23
9801,25
9802,24
9803,15
9804,21
9805,19
9806,31
9807,26
9808,27
9809,17
9810,25
9811,24
9812,21
9813,29
9814,19
9815,31
9816,29
9817,18
9818,24
9819,25
9820,15
9821,16
9822,26
9823,31
9824,19
9825,21
9826,19
9827,26
9828,25
9829,20
9830,21
9831,23
9832,26
9833,12
9834,24
9835,23
9836,19
9837,27
9838,27
9839,27
9840,22
9841,24
9842,22
9843,32
9844,17
9845,25
9846,15
9847,18
9848,22
9849,16
9850,18
9851,17
9852,32
9853,22
9854,25
9855,17
9856,26
9857,28
9858,16
9859,24
9860,18
9861,49
9862,39
9863,25
9864,18
9865,23
9866,16
9867,25
9868,22
9869,21
9870,18
9871,25
9872,28
9873,18
9874,19
9875,23
9876,25
9877,21
9878,21
9879,23
9880,30
9881,29
9882,23
9883,23
9884,17
9885,29
9886,21
9887,27
9888,20
9889,25
9890,26
9891,24
9892,25
9893,25
9894,24
9895,27
9896,20
9897,23
9898,19
9899,17
9900,50
9901,18
9902,15
9903,21
9904,29
9905,25
9906,23
9907,20
9908,27
9909,28
9910,24
9911,19
9912,23
9913,30
9914,14
9915,19
9916,26
9917,31
9918,23
9919,25
9920,29
9921,19
9922,15
9923,24
9924,20
9925,35
9926,22
9927,28
9928,20
9929,33
9930,27
9931,16
9932,24
9933,19
9934,28
9935,22
9936,23
9937,20
9938,27
9939,29
9940,29
9941,32
9942,16
9943,14
9944,39
9945,21
9946,21
9947,30
9948,20
9949,17
9950,26
9951,27
9952,29
9953,24
9954,21
9955,19
9956,28
9957,23
9958,17
9959,22
9960,25
9961,28
9962,36
9963,26
9964,58
9965,26
9966,21
9967,16
9968,19
9969,19
9970,18
9971,24
9972,13
9973,27
9974,24
9975,24
9976,16
9977,20
9978,24
9979,21
9980,22
9981,26
9982,17
9983,17
9984,29
9985,22
9986,24
9987,23
9988,20
9989,28
9990,26
9991,24
9992,26
9993,27
9994,22
9995,16
9996,22
9997,14
9998,25
9999,22
10000,23
10001,52
10002,14
10003,23
10004,19
10005,24
10006,17
10007,28
10008,23
10009,26
10010,25
10011,25
10012,15
10013,14
10014,16
10015,21
10016,23
10017,26
10018,21
10019,21
10020,20
10021,18
10022,35
10023,19
10024,20
10025,23
10026,23
10027,19
10028,19
10029,23
10030,20
10031,17
10032,21
10033,27
10034,30
10035,23
10036,30
10037,27
10038,30
10039,24
10040,22
10041,20
10042,18
10043,23
10044,23
10045,29
10046,17
10047,20
10048,22
10049,23
10050,20
10051,26
10052,20
10053,27
10054,19
10055,19
10056,19
10057,22
10058,22
10059,30
10060,21
10061,20
10062,22
10063,29
10064,22
10065,24
10066,18
10067,52
10068,14
10069,17
10070,15
10071,19
10072,29
10073,25
10074,20
10075,19
10076,23
10077,18
10078,26
10079,20
10080,25
10081,23
10082,23
10083,25
10084,17
10085,21
10086,13
10087,27
10088,28
10089,27
10090,24
10091,25
10092,27
10093,20
10094,29
10095,18
10096,20
10097,30
10098,19
10099,22
10100,29
10101,14
10102,48
10103,16
10104,21
10105,29
10106,17
10107,22
10108,27
10109,21
10110,24
10111,17
10112,17
10113,26
10114,28
10115,28
10116,20
10117,24
10118,20
10119,19
10120,20
10121,23
10122,21
10123,28
10124,18
10125,19
10126,23
10127,18
10128,21
10129,21
10130,28
10131,25
10132,25
10133,19
10134,28
10135,20
10136,28
10137,19
10138,23
10139,28
10140,22
10141,29
10142,29
10143,21
10144,22
10145,27
10146,23
10147,26
10148,26
10149,16
10150,25
10151,16
10152,12
10153,20
10154,17
10155,26
10156,22
10157,20
10158,21
10159,26
10160,22
10161,19
10162,25
10163,21
10164,24
10165,21
10166,31
10167,29
10168,16
10169,22
10170,62
10171,27
10172,21
10173,27
10174,21
10175,19
10176,23
10177,22
10178,23
10179,18
10180,22
10181,18
10182,24
10183,19
10184,19
10185,22
10186,23
10187,35
10188,16
10189,20
10190,26
10191,30
10192,28
10193,16
10194,23
10195,33
10196,22
10197,23
10198,24
10199,22
10200,28
10201,24
10202,24
10203,44
10204,20
10205,18
10206,18
10207,17
10208,18
10209,18
10210,20
10211,21
10212,17
10213,37
10214,20
10215,28
10216,23
10217,26
10218,22
10219,18
10220,24
10221,19
10222,27
10223,18
10224,19
10225,24
10226,17
10227,31
10228,18
10229,21
10230,18
10231,28
10232,25
10233,17
10234,19
10235,20
10236,25
10237,20
10238,27
10239,27
10240,27
10241,18
10242,23
10243,25
10244,27
10245,22
10246,18
10247,28
10248,20
10249,20
10250,24
10251,25
10252,26
10253,21
10254,25
10255,22
10256,22
10257,15
10258,10
10259,13
10260,17
10261,19
10262,15
10263,22
10264,22
10265,25
10266,21
10267,26
10268,16
10269,26
10270,18
10271,22
10272,23
10273,54
10274,23
10275,24
10276,17
10277,16
10278,25
10279,20
10280,38
10281,25
10282,21
10283,36
10284,24
10285,22
10286,26
10287,21
10288,23
10289,23
10290,26
10291,21
10292,19
10293,20
10294,21
10295,30
10296,13
10297,27
10298,26
10299,20
10300,22
10301,26
10302,24
10303,23
10304,56
10305,20
10306,24
10307,28
10308,20
10309,24
10310,21
10311,22
10312,20
10313,21
10314,27
10315,16
10316,21
10317,24
10318,16
10319,22
10320,23
10321,20
10322,21
10323,14
10324,28
10325,27
10326,21
10327,26
10328,31
10329,27
10330,24
10331,18
10332,20
10333,24
10334,21
10335,20
10336,19
10337,25
10338,17
10339,25
10340,20
10341,22
10342,28
10343,24
10344,18
10345,21
10346,24
10347,20
10348,17
10349,22
10350,15
10351,22
10352,24
10353,15
10354,21
10355,24
10356,21
10357,22
10358,20
10359,21
10360,20
10361,25
10362,21
10363,25
10364,16
10365,20
10366,14
10367,20
10368,20
10369,27
10370,17
10371,27
10372,23
10373,19
10374,31
10375,16
10376,54
10377,18
10378,20
10379,25
10380,26
10381,23
10382,29
10383,23
10384,18
10385,23
10386,22
10387,31
10388,26
10389,21
10390,30
10391,22
10392,18
10393,18
10394,16
10395,21
10396,25
10397,32
10398,21
10399,19
10400,19
10401,23
10402,24
